zone_risk_score,forecasted_rainfall_mm,forecasted_max_temp_c,upcoming_event_flag,weekly_premium_inr
9,11.2,38.2,0,23
10,15.3,42,0,27
7,1.9,36.5,0,22
10,2.2,34,0,26
7,7.3,35.5,1,27
4,2.7,34.9,0,23
4,6.5,33.3,0,20
5,7.6,38.9,0,21
2,0.2,31,0,21
9,2.1,41.7,0,28
7,12.8,36.1,0,23
7,12.4,34.4,0,24
4,16.6,36.3,1,29
5,3,32.7,0,21
10,11.7,31.3,1,28
10,3,34.5,0,24
5,10.1,38.6,0,23
7,24.5,37.5,0,26
7,4,34.2,0,25
2,8.3,39,0,22
3,7,25,0,22
4,24.1,35.7,0,26
3,0.2,38,0,20
5,23.2,30.1,0,25
8,6.6,27.4,0,24
9,3.4,29.7,0,25
10,41.3,36.8,0,33
4,1.2,37,0,20
9,4.9,36,0,26
2,32.9,34.1,0,26
8,4.5,35,0,24
7,14,28.3,0,24
3,2,39,0,22
9,12.1,38.4,0,26
10,26,40.3,0,30
8,34.5,45,0,37
3,24.3,44.4,1,35
10,9,31.3,0,25
7,10.5,33.2,0,25
7,16.3,31.4,0,23
3,6.4,26,0,21
1,10,36,0,20
3,20.5,32.6,0,24
7,18.6,30.9,0,26
10,0.8,33.8,0,24
8,25,28.2,0,26
1,1.6,30.7,0,20
7,21.6,36.5,0,27
4,2.5,46,1,35
8,12.5,25,0,26
3,0.7,32.1,0,21
3,12.1,41.6,0,22
2,12,41.2,0,23
5,52.2,34.2,0,32
8,2.9,30.5,0,23
3,0.7,29.6,0,21
5,11.5,26.8,0,21
4,8.4,40.4,0,22
9,9,33,0,26
2,1.3,30.9,0,21
4,21.8,39.1,0,23
1,8.3,33.5,0,22
8,6.3,25,1,29
10,14.6,40,0,24
4,15.4,36.4,0,23
7,3.4,33.8,1,29
1,1.2,29.5,0,20
6,1.2,42.1,0,26
4,5.5,30.6,0,21
2,21.2,46,0,31
3,3.5,25,0,22
8,23.6,35.1,1,31
4,8.2,35.5,0,20
7,1.6,38.5,0,24
7,6.2,32.8,0,23
4,18,39.4,0,22
4,5.6,37.3,0,23
6,41.9,37,0,30
10,4.1,35.4,0,27
4,1.9,32.8,1,29
5,0.1,33.6,0,21
2,3.8,35.3,1,25
6,9,35.1,0,21
1,22.5,34.2,0,23
7,0.5,37.9,0,23
5,21.2,31.3,0,25
6,3.8,33.1,0,22
7,1.7,32,0,23
3,14,35.5,0,20
10,29.2,40.3,0,31
2,3.2,31.4,0,21
6,8.7,25.2,0,23
8,8.4,42.2,0,27
7,0.9,32.6,0,24
2,11.5,35.4,0,20
3,19.9,34.4,0,24
5,11.8,27,0,22
1,0.6,36.8,0,20
10,22.3,35.2,0,29
4,42.7,28.4,0,32
1,8.9,35.5,0,20
5,4.8,42.5,0,26
3,1.2,30.1,0,23
4,10.1,36.6,0,21
8,2,44.1,0,32
4,26.1,42.1,0,27
7,2,34.4,0,25
9,6.8,37.2,0,26
9,29.8,34.5,1,35
1,0.6,33.6,0,21
6,1.6,35.5,0,22
8,1.8,37.4,0,22
8,14.7,35.6,0,26
8,0,41.2,0,25
2,7.8,27.7,0,20
10,8.4,41.5,0,27
1,21.7,36.7,0,24
1,1.9,40.4,0,21
4,3.3,36.3,0,23
6,8.3,39.1,1,26
5,5.4,27.4,0,21
8,18.9,36.8,0,24
3,12,38.2,0,23
1,6.6,28.9,0,20
5,5.3,33.7,0,24
7,15.5,25,0,25
7,3.6,40.5,0,25
8,17.3,36.6,0,26
6,10.2,41.8,0,27
9,0.9,34.5,1,28
7,2.7,35.1,0,23
7,13.6,34.6,0,23
9,36,27,1,36
6,5.1,33.2,0,23
5,21,32.2,0,23
3,0.1,39.9,0,20
1,9.9,36.5,0,22
5,8.8,39.3,0,24
1,4.7,32.7,0,20
6,14.1,32.1,0,24
4,3.2,35.9,0,20
10,10.8,31,0,26
10,3.4,36.8,0,24
7,12.5,31.2,1,27
3,19.3,30.4,0,22
5,5.4,32.8,0,22
7,7.9,29,0,24
2,5.5,41,0,24
5,6.5,31.1,0,24
5,0.9,36.7,0,23
4,15.5,32.1,0,23
4,7.5,34.2,0,23
6,0.8,30.9,1,30
8,11,35.6,0,25
4,7.5,43.4,0,29
7,0.1,46,0,34
1,5.1,32.4,1,24
4,6.1,35.7,0,23
4,0.6,44.3,1,32
5,13.8,40.4,0,23
2,27.2,31.4,0,26
1,1.8,25,0,20
2,10.2,41.5,0,24
9,9.7,35,0,25
2,18.4,30.6,0,20
7,5.2,36.7,1,29
8,1.7,36.9,0,25
3,5.9,33.4,0,22
7,2.4,34.8,0,23
1,1.6,38.2,0,20
6,4.3,39.4,0,25
6,8.6,31.8,0,24
8,3.8,30.8,0,23
5,1.7,35.8,0,24
4,2.3,31.4,0,22
4,3.1,43.7,0,28
1,23.5,32.8,0,24
9,4,37.9,0,26
6,1.6,35.2,1,29
5,13.9,35.8,0,22
9,19.3,33.8,0,25
10,0.6,33.6,0,26
1,18.8,32,0,21
8,49.8,31.5,0,35
9,26,32.4,1,33
6,18.1,38,1,29
1,5.9,37,0,21
5,6.8,32.7,0,22
1,8.8,28.1,1,24
3,8,36.8,0,23
4,10.1,40.4,0,21
4,1,35,0,24
1,4.3,32.8,0,20
1,6.9,38.1,0,20
10,19.6,41.1,0,26
7,5.1,30.2,0,23
8,2.7,38.8,0,24
2,5,29,0,20
2,5.2,32.2,0,22
4,2.2,31.8,0,20
2,2.1,28.2,0,22
9,14.1,33,0,24
4,1.4,46,0,30
1,2.3,32,0,21
2,9.8,35.3,0,23
6,2.3,38.4,0,24
9,4.8,30.8,0,24
9,3.6,31.9,1,28
7,2.8,31.7,0,23
2,7.4,28.7,0,20
7,4.5,37.9,1,30
8,2.8,33.4,0,25
1,52.8,41.4,1,38
2,17,35.1,0,23
8,13.9,34.8,0,24
3,1.3,33.3,0,22
3,6.2,31.7,0,20
6,15.7,31.5,0,24
5,25.2,31.6,0,24
10,9.1,32.4,0,23
6,18.2,34.3,0,24
5,8.1,32.8,0,21
2,6.5,37.8,0,20
1,1.7,33.6,0,22
5,2,27.1,1,28
1,0.1,41.2,1,26
8,7.5,39.4,0,25
7,6.6,38.6,0,23
1,8.8,32.5,1,27
3,7.9,42.4,1,32
8,15.5,37.1,0,24
4,25.4,44.9,0,34
10,3.3,36.5,0,24
5,14.4,32.3,0,23
6,3.5,35,0,24
2,3.7,30.3,1,25
2,1.9,30.9,0,20
8,0.7,27.8,0,24
5,9.1,32.2,0,23
6,14.8,40.5,0,22
4,29,37.1,0,26
8,3.4,38.5,0,24
2,16,35.8,0,23
1,11.8,38.6,0,20
8,23.8,32.3,0,28
2,18.9,36.4,0,21
3,28,29.9,1,32
5,20,34.5,0,24
2,5.7,33.6,1,28
3,8.2,29.3,0,23
5,10.7,37.4,1,29
10,6.7,42.3,0,27
9,0.8,34.2,1,29
1,9.6,40.5,0,20
6,0.3,33.9,0,24
3,7.3,27.5,0,20
7,1.4,35.7,0,25
1,8.3,31.2,0,21
5,3.7,38,0,22
7,1.9,37.8,0,23
7,11.2,39.9,0,25
7,1.9,38.1,1,27
7,0.4,34.7,0,25
8,22.3,25,1,30
5,1.6,28.5,0,22
3,2.7,28.9,0,23
2,22.3,40.9,0,23
8,22.2,32.5,0,27
6,14.1,42.5,0,26
3,8.2,41.8,0,25
10,4.9,41.6,1,33
5,0.5,32.9,0,24
4,5.3,34.9,0,23
9,2.8,46,0,35
5,1.4,41,0,26
2,5.3,33.1,0,23
9,0.6,39.8,0,25
1,16,28.2,0,21
9,1.7,40.7,1,32
7,2.4,30,0,23
7,10.3,41.8,0,27
2,8.5,33.6,0,23
7,5.8,38.2,1,27
2,19.5,39.3,0,21
1,3.4,27.9,0,22
6,3.4,27.8,0,21
6,0,33.2,0,24
4,19.2,35.7,0,25
2,2.7,41.4,0,23
2,21.5,37.8,0,23
1,8.9,39.1,0,20
10,13.5,33,0,25
6,11.7,29.5,0,24
10,4.1,29,0,24
3,25.2,30.4,0,24
4,0.6,32.6,0,22
6,10.5,38.5,0,24
8,8.3,30,1,29
5,1.4,34.4,0,22
5,14.1,32.8,1,29
5,25.2,37.8,0,27
2,0.7,35.4,0,22
8,9.7,29.8,0,25
6,14.6,31.9,0,23
6,4,37.5,0,23
7,17.5,29.9,0,25
3,5.4,41.1,0,23
3,50.5,31.7,0,32
6,2.1,37.8,0,23
1,14.8,31.1,0,22
9,0.4,30.4,0,26
6,7.9,34.7,0,22
4,5.6,32.7,0,23
2,29.5,37.2,1,32
7,7.1,30.6,0,25
6,10.4,33.6,0,22
7,1.6,35,0,25
9,3.3,36.8,0,25
4,3.1,36.6,0,20
1,8.4,39.8,0,20
6,30.2,34.5,0,28
7,15.8,29.2,0,23
9,3.7,31.9,0,25
9,8.4,36.9,0,24
10,0.6,44.3,0,30
5,5.7,36.2,0,23
3,13.2,40.7,0,23
8,2.2,35.3,0,25
4,6.5,43.4,1,33
6,1.5,39.3,1,27
6,3.3,33.6,0,23
3,7.9,40.7,1,28
8,12.2,33.5,0,25
3,0.4,37,0,23
6,2.9,33.9,1,30
5,17.5,32.8,0,25
8,15.1,38.6,0,23
2,29.1,38.1,0,26
1,4.2,33.9,0,21
8,30,38,1,32
10,8.1,32.4,0,27
4,15.6,37.6,0,22
10,4.8,31.4,0,24
1,2.5,38.2,0,20
3,31.8,27.2,0,28
2,11,40.4,0,21
6,0.5,33.1,0,23
9,1.6,36.6,0,26
5,23.2,29,0,23
6,2.6,28.6,0,22
4,7.2,31.7,0,23
10,3.8,27.6,0,24
8,12.1,34.4,0,22
6,0.2,25,0,23
2,1.7,29.3,0,21
10,2.5,29.9,0,26
3,7.4,39.6,0,23
1,6.7,32.4,0,20
3,12.9,27.6,0,22
10,44.3,35.3,0,33
3,6.6,32.9,0,23
4,2.7,29.5,0,20
5,0.7,36.3,0,24
6,9,36.1,0,24
9,36.6,34.3,0,32
10,9.9,37,0,24
7,3.9,32.7,0,24
1,0.7,40.9,0,23
1,5.4,36.8,0,20
1,10.6,38.6,0,21
5,2.6,33,0,24
2,2.5,34.2,0,20
1,25.6,42.2,0,26
2,4,31.4,1,27
6,5.7,28.3,0,22
1,5.6,37.5,0,20
9,1,26.3,0,24
6,4.5,37.9,0,22
10,6.8,26,0,26
5,7.2,35.6,0,23
9,30.9,35,0,28
9,9.5,36.2,0,25
8,7.5,42.3,0,28
8,34.8,31.5,0,29
2,5,36.1,0,21
4,0.1,44.6,0,29
4,5.5,36.7,0,22
8,12.9,35.3,0,24
7,7.1,28.7,0,22
4,7.3,26.1,0,24
6,5.7,37.9,0,24
9,3.9,32.7,0,23
3,7.3,42.2,0,26
4,30.2,25,0,25
2,4.6,29.4,0,20
1,1.4,39.3,0,22
10,3.7,38.9,0,23
2,17.3,43.9,0,28
1,4.5,32,1,27
1,41.7,39.9,0,28
8,7.3,32.5,0,25
5,26,35.7,1,29
2,6.5,34.2,0,20
7,10.4,34.4,1,30
5,13.1,34.4,0,24
3,1.9,25.5,0,21
10,5.1,30.3,0,25
6,20.2,43.4,0,31
2,5.5,25,0,23
4,4.9,35,0,23
5,4.7,25,0,21
3,16.3,25,0,23
7,14.8,40.8,0,24
8,56,36.1,0,37
4,13.9,36.5,0,23
4,2,28.3,0,22
8,14.3,35.3,1,28
10,2.3,30.7,0,27
7,4.6,35,0,24
3,19.5,41.5,0,24
10,6,39.5,0,24
8,26.3,25.4,0,28
3,6.8,37.2,0,21
10,11.5,40.8,0,25
4,1.3,29.3,1,27
6,28,38.2,0,28
4,8.7,28.9,0,20
3,2.7,35.8,0,23
3,2.4,35.9,0,21
10,11.1,35.6,0,24
10,12.6,28.6,0,23
1,8.2,35.5,0,20
3,8.2,33.7,0,20
5,13.7,34.8,0,23
9,2.8,27,1,30
9,1.5,35,0,25
8,5.2,34.9,0,26
5,3.6,31.7,0,22
9,4.4,33.9,0,26
2,9.5,38.4,0,22
10,5.9,34.9,0,25
3,34.6,42.5,0,32
5,5.5,38,0,21
2,2.4,37.3,0,20
6,14,31.2,0,22
2,19,35.5,0,20
7,14.7,27.1,0,23
4,0.9,25,0,23
8,17.8,32.7,0,27
10,4.2,28.3,0,25
6,14.8,32.2,0,21
9,5.9,25,0,26
10,8.3,34.5,0,24
3,2.4,42.4,0,26
1,13.1,35.4,0,20
10,10.1,40.6,0,27
5,1.3,29.8,0,21
8,3.4,35.8,0,23
7,38.2,34.7,0,31
6,17.4,32.2,0,25
1,18.4,29.8,1,27
2,9,30.8,1,25
8,5.5,38,0,24
3,8.4,37.5,0,23
4,3.1,31.3,0,20
10,10.3,31.3,1,30
2,4,40.5,0,22
9,3.2,37.4,1,31
7,8.7,37.6,1,27
3,5,33.4,0,21
8,7.5,38.6,0,25
8,2.9,29.8,0,23
7,25.7,35.4,0,25
4,2,33.9,0,22
2,8.3,35.1,0,23
6,4.4,32.9,1,28
8,1.9,35,0,22
10,3.9,32.2,0,24
10,2.1,36.6,0,26
7,17.7,43.6,1,36
7,10.9,36.4,0,22
1,11.8,39.1,0,20
7,8.3,29.9,0,22
5,17.8,45.6,0,33
7,37.9,39.2,0,30
8,2,40,0,23
7,30.5,27.6,0,27
7,20.2,40.2,0,26
10,10.9,35.4,0,23
7,10.9,36.4,0,23
2,15.3,39.2,0,20
10,0.7,38.5,0,27
1,2.6,25,0,20
7,10.8,40,0,22
9,18.7,34.3,0,28
10,7.2,31.6,0,25
7,30.1,33,0,27
2,1.9,32,1,26
6,8.6,35.9,0,22
9,2.3,38.6,0,26
7,10.9,35.2,1,29
9,18.8,38.9,0,24
7,0.5,33.3,0,24
6,6.1,38.7,0,24
7,5.8,30.8,0,24
5,9.4,25,0,22
10,4.1,33,0,27
10,25.2,40.3,1,35
8,2.5,40.6,0,25
6,3.5,32.4,0,25
6,1.8,36.6,1,28
8,22.3,34,0,26
1,1.3,32.9,0,22
2,2,30.9,1,26
9,12,26.4,0,26
7,2.9,33.3,0,24
5,3.7,31.5,0,21
1,4.7,26.9,0,20
6,2.5,46,0,31
6,8.9,31.4,0,25
5,3,35,0,22
9,20.6,35.7,0,27
3,5.2,33.3,0,21
4,14.5,33.6,0,20
1,23,37.5,0,21
10,0.2,38.6,0,26
10,4.5,34.7,0,25
1,2.2,38.5,1,27
9,9.7,42.9,1,33
2,4,34.3,0,21
2,21,39.8,0,21
1,1.3,34.9,0,20
9,7.6,27.7,0,26
8,7.4,29.5,0,24
2,4.3,40.2,0,21
1,15.4,46,0,28
5,8.6,37.5,0,23
1,9,46,1,33
6,4.3,32,0,21
9,6.8,45.4,0,31
10,49.4,43.1,0,39
8,4.6,35.4,0,23
9,34,34.5,0,30
6,27.4,27.4,0,26
8,4.5,35.5,0,23
2,4.4,32.6,0,22
10,14.4,39.8,0,23
10,7.6,37.6,1,28
5,0.9,27.9,0,21
4,22.9,29.6,1,31
4,5,37.5,0,23
9,1.2,38.1,0,25
4,5.6,30.4,0,23
9,8,46,1,39
3,1.9,42.9,0,27
4,23.5,34.6,0,23
7,28.1,38.9,1,33
7,0.4,34.3,0,24
6,18.4,30,1,29
8,1.7,33.2,0,22
3,24.7,37.2,0,25
3,1,29.6,0,21
6,3,31.7,0,22
8,13,38,0,24
10,9.8,34.8,0,26
2,17.8,36,0,23
7,20.9,38.1,0,27
7,7.5,27.5,1,27
1,28.3,40.6,1,29
5,22.1,28.3,0,25
1,42.7,31.4,0,30
5,6.6,39.4,0,23
2,21.9,35,1,26
9,38.2,25,0,32
1,6.1,34,0,20
10,1.7,39.1,1,29
3,22.7,36.5,0,23
8,3.1,34.3,1,28
4,3.7,40.3,0,24
8,3.4,32.7,0,25
9,2.1,39.2,0,25
8,10.4,27.8,0,22
8,4.3,25.3,0,23
10,4,29.5,0,24
2,16.8,25,1,26
7,1.3,31,0,25
10,4.6,35.5,1,30
5,1.4,41.4,0,24
9,35.9,33.6,0,32
6,0.7,28.9,0,24
6,18.1,29.6,0,23
3,15.2,34.5,1,25
10,3.5,28.2,0,27
1,5.6,33.9,1,26
5,36.9,40.3,0,28
6,14.9,36.1,0,22
7,5.7,32,0,23
2,3.3,44.4,0,28
2,11,37.4,0,21
2,2.6,33.6,0,22
2,6.2,41.4,0,23
2,3,32.3,0,20
9,9.3,29.3,1,30
9,16.9,34.2,0,26
8,33.5,38.1,0,31
3,13.6,35.7,0,22
5,0.7,25,0,23
3,25.8,28.7,1,30
7,14.7,40.1,1,28
9,15.7,39.4,1,32
1,8.1,43.5,0,25
8,7.6,32.2,0,24
6,21,35.7,0,25
9,3,33.6,0,23
10,2.4,34.5,1,28
5,15.8,37.8,0,24
8,19.9,41.7,0,27
1,0.5,30.7,0,22
10,24.2,36.7,0,26
8,1.1,29,0,24
4,7.2,36.7,0,21
2,11.4,35.2,0,23
6,7.8,25,0,23
4,2.1,25,1,26
10,2.9,46,0,35
5,4.8,34.8,1,28
3,20.2,32.1,1,29
10,4.6,25,0,24
8,6.8,33.8,0,24
10,24.8,35.7,0,27
9,3.7,29.1,0,24
10,9.6,35.6,0,26
2,10.2,37.9,1,28
8,4.7,41,0,26
6,7.2,26.9,0,24
6,1.9,35.2,0,24
10,12,35.2,0,25
3,9.1,32.7,0,20
9,6.7,44.3,0,33
6,4.9,44,0,29
8,34.6,27.8,0,28
6,6.4,27.8,0,21
7,5.7,29.5,0,23
8,19.5,34.9,0,27
3,4.9,36.9,0,22
10,6,35.7,0,25
9,5.5,39.6,0,25
9,0.3,26.2,1,28
6,4.1,37.8,0,23
1,19.7,34.8,0,22
9,17.1,27.5,0,25
8,12.6,37,0,26
5,31.9,45.5,0,36
4,17.2,42.6,0,27
5,11.8,46,0,30
2,7.6,29.1,0,21
3,2,33.8,0,21
8,0.3,27.6,0,25
9,37.2,37.5,0,33
5,5.7,34.2,0,21
7,13.2,37.2,0,23
3,4.9,29.8,0,22
7,2.8,30.9,0,22
2,2.4,44.2,0,27
7,12.2,28.7,0,23
3,4.3,31.4,0,21
5,4,41,0,25
6,1.5,28.9,0,23
6,12.3,41.2,0,24
1,2.4,40.8,0,20
9,2.5,33.8,0,25
9,14.3,34.4,0,26
9,6.7,36.8,0,26
5,4.4,46,0,30
7,8,36.3,0,25
8,2.4,44.5,0,32
3,8.6,36.2,0,21
2,2.7,39.4,0,20
1,55.7,33.7,0,31
6,2.2,26.8,0,24
7,7.8,26.8,0,25
5,29.1,29.6,0,28
2,0.2,39.1,0,22
5,0.9,39.7,0,22
9,4.1,43,0,28
2,9.7,30.6,0,22
9,3.5,33,0,26
8,0.7,25.4,0,23
4,12.8,31,0,21
7,2.8,37.9,0,24
10,8,29,0,24
4,8,32,1,29
2,11.2,37.6,0,20
3,14.2,31.8,0,23
2,18,36.9,0,20
5,2.1,33.8,0,23
8,11.6,41.6,0,25
10,3.6,29.9,0,25
4,16.1,30.9,0,24
7,2.6,36.7,1,30
4,13.2,41.1,0,22
2,1.2,32.6,0,22
8,11,38.8,0,22
7,4.6,37,1,29
5,2.4,44.6,1,36
9,22.6,32.5,1,31
1,26.3,27.1,0,25
3,26.7,35.9,0,24
9,9.3,32.2,0,24
9,10,36.2,0,26
1,1.5,31.4,0,20
10,40.6,38.7,0,32
8,8.2,38.5,0,26
10,10.5,35,0,24
3,0.8,34,0,22
7,6.5,25,0,25
3,3.5,35.7,0,23
9,10.8,31.9,0,26
10,5.6,32.4,1,32
6,8.7,39.5,0,23
1,10.3,29.6,0,21
2,0.6,34.6,0,20
2,5.7,28,0,21
7,5.5,36.1,0,24
5,5,36.1,0,22
10,1.4,31.5,0,26
2,24.4,39.1,1,29
2,0.8,35.8,0,22
6,4.6,34,0,21
7,2.3,35.1,0,22
3,0.1,42.1,0,23
9,3.1,29.7,0,24
7,4.1,30.1,0,25
8,5.6,35.9,1,30
10,9.2,31.7,0,27
7,7.3,36.9,0,22
6,4.3,42.1,0,27
6,16.2,37.5,0,23
2,0.2,36.5,0,22
2,20.8,31.5,0,21
4,9.2,25,1,26
1,2.1,36.7,1,27
8,7,40,0,23
10,9.6,27.9,0,25
9,0,29.3,0,24
4,28.7,35,0,26
8,15.8,30.3,0,25
2,8.8,34.8,1,27
3,8.6,31.5,0,21
9,3,37.6,0,26
4,3.2,41,0,23
8,3.5,34.1,0,25
2,3.3,31.9,0,20
2,0.8,28.5,1,25
8,1.8,35.9,0,23
5,15.5,29.4,0,24
10,1.3,30.4,0,24
8,17.4,44.1,0,32
10,0.8,39.6,1,28
10,0.7,40.3,0,24
2,11.6,27.1,0,21
8,15.9,36.3,0,23
10,5,31.7,0,25
7,6.2,32,0,23
3,28,34.5,0,26
4,0.1,26.4,0,20
1,2.2,33.1,0,21
4,19.6,34.9,0,22
4,1.2,41.1,0,22
10,18,39.8,1,30
9,27.1,39.7,0,26
4,37.4,25,0,28
3,7.1,39.7,0,20
3,3.6,33.3,0,21
10,6.6,39.8,0,23
5,1.8,29.6,1,27
1,41,35.1,0,27
10,3.7,30,0,25
3,1,35,0,22
4,31.7,29.2,1,31
6,8.1,26.6,0,21
3,23.7,32.5,0,26
9,18,36.2,1,31
6,19.8,38.3,0,26
5,5.6,29.7,0,22
6,39.1,25,0,31
3,5.4,25,0,22
3,7.6,33.6,1,25
4,2.4,35.3,0,24
3,9,36.4,1,26
10,7.3,32.8,0,24
2,12.8,37.9,1,24
9,1.7,30.4,0,24
8,20.4,33.6,0,24
6,1.5,41.7,0,24
8,30.1,35,0,30
7,21.6,33.4,0,24
5,4.9,29.5,1,26
2,25,46,0,35
9,13.2,33.8,0,23
4,15,26.6,0,21
10,0.8,33.9,0,26
2,7.5,27.3,0,20
9,0.9,28.4,0,26
3,7.6,36.3,0,23
5,0,41.1,0,25
4,9.1,33.3,0,21
7,18.2,40,0,25
7,3.8,28.1,0,23
10,6.2,29.6,0,26
9,5.2,36.1,0,24
5,8.2,38.3,0,24
4,1.2,38.3,0,22
9,0.1,27.4,0,23
3,4.6,41.7,1,30
10,6.6,39.2,0,25
9,2,41,0,25
10,4.6,35.9,0,25
4,10.9,31.6,0,21
7,0.1,28.4,1,29
3,14.2,25,0,22
5,10.9,38.4,0,23
4,5.6,34,0,23
2,2.5,37.6,0,20
10,9.1,30.3,0,24
7,25.9,30.3,0,25
10,3.1,38.3,0,26
3,10.5,25,0,21
6,8.5,26,0,22
9,2.1,35,0,23
10,7.5,35.4,0,23
6,3.6,28.9,1,28
9,3.6,35.6,0,26
7,0.9,31.7,0,22
3,30.5,46,0,36
9,36.4,32.2,0,32
2,3.2,36.6,0,20
10,5.5,35.3,0,23
10,5,32.4,1,29
2,21.2,26.3,0,25
4,0.8,32.5,0,22
8,36.6,39.5,0,29
3,24.9,37.1,0,24
10,4.7,34.8,0,24
7,17.6,37.3,0,22
6,23.5,32,1,30
2,4.5,44.1,0,28
2,7.7,27.3,0,22
4,8.7,36.1,0,20
7,10,39.6,0,22
3,8.4,36.1,1,26
2,2.5,37.6,1,26
7,3.5,35,1,30
9,32.3,34.3,0,30
5,9.8,33.5,1,26
7,0.2,43.6,0,30
8,11.1,37,0,23
8,3.9,34.5,0,25
6,2.9,28.1,0,21
3,12.3,38.1,0,20
4,2,46,0,29
4,0.5,29.9,1,27
9,5.5,35.8,0,26
9,8.5,36.5,0,25
2,6.1,31.8,0,22
1,7.6,37.1,0,21
9,8.4,36.4,0,25
4,3.2,28.1,0,21
7,3.9,37.4,0,24
7,16.1,36.3,0,23
6,23.5,33.5,1,29
7,4.1,32.7,0,25
1,4.3,38.8,0,20
3,31.2,44.2,0,34
5,2.8,33.1,0,22
3,1.5,40.7,0,23
6,8.4,39.1,1,26
6,0.9,33.9,1,28
1,7.5,33.5,0,20
9,0.1,43.6,0,32
3,2.9,38,0,21
3,4.4,41.5,0,22
3,8.9,35.5,0,23
4,12.5,40.6,0,21
7,1.6,38.8,0,23
3,2.6,33.1,1,28
3,14.7,36.8,1,26
5,0.2,39,0,23
1,5.5,34.5,0,21
6,2.5,30.5,0,23
2,3.8,31,0,20
4,0.5,25,0,23
8,4.1,33,0,25
1,7.8,25,0,22
7,3.7,29.3,0,25
5,3.5,38.4,0,23
2,8.5,30.7,1,27
4,9.6,30.1,0,21
5,4.5,41.2,1,30
10,29.1,42.2,0,33
10,16,37.7,0,27
9,12.1,46,0,33
9,29.1,36.9,0,30
6,14.7,46,0,31
10,1.9,42.4,1,34
2,2.4,31,0,23
6,30.5,33.3,0,27
4,7.7,28.1,0,22
4,0.5,31.5,0,21
2,1.9,35.3,0,22
10,0,33,0,26
6,9.5,33.2,0,22
5,12.4,43.3,0,29
10,14.4,35.8,0,27
5,5.5,41.9,0,27
4,14.1,30.9,0,23
4,1.6,33.9,0,21
3,21.4,43.1,0,29
9,15.3,35.1,0,23
2,4.9,35.6,0,23
10,6.6,30.3,1,29
7,26.5,37.5,0,27
3,4.4,42.8,0,24
3,16.7,42.9,0,26
1,3.6,37.7,0,21
2,9.7,35.3,0,22
8,17.9,29.9,0,24
6,1.7,34.5,0,24
9,1.4,30.9,0,25
4,13.8,33.7,0,22
9,24.9,35.5,1,32
8,15.2,31.5,0,26
1,4.2,33.7,1,25
8,11.3,28.4,0,24
7,7.2,37.1,0,23
4,2.8,32.6,0,21
1,41.3,36.2,0,27
10,24.3,27.4,0,28
4,3.6,30.5,0,23
8,2.2,32.2,0,26
9,12.3,39.6,0,23
1,9.8,37.1,0,20
6,9.7,29.3,0,21
4,22.7,32.9,0,25
3,13.1,41.9,0,23
5,10.3,27,0,22
9,21.1,35.8,0,28
3,7.2,33.6,1,28
9,4.2,28,0,25
4,0.8,40.2,0,22
2,19.7,41.8,0,24
2,3.6,43.7,0,27
9,8.2,28.6,0,23
10,5.4,35,0,25
1,8.6,39.1,0,21
7,48.5,25,0,35
5,16.2,37.3,0,24
10,9.7,35.8,1,28
8,6.7,30.4,0,25
9,2.8,40.8,0,24
9,6.9,36.8,0,25
4,10.2,44.5,0,29
4,15.3,37.4,0,23
5,2.2,29.1,0,22
10,17.8,37,0,24
3,5.2,36.1,1,28
9,2.9,34.3,0,23
7,8.3,34.8,0,25
8,1.3,38.9,0,23
6,23.5,33.9,0,25
5,3.2,33.9,0,24
5,24.2,41.9,0,30
8,8.8,32.2,0,25
3,7.1,38.1,0,22
2,2.3,27.8,0,21
9,9,37.4,0,23
10,4.6,42.7,0,28
8,10.6,38.5,1,27
7,14.2,44.7,0,29
5,1.5,33.2,0,21
1,7.9,25,0,20
10,4.3,32.4,0,27
4,1.3,32.5,0,22
10,12.7,42.1,0,27
6,22.5,33.9,0,27
8,7.3,32,0,23
1,13.4,32.5,1,27
3,10.3,32.3,0,20
1,2.3,34.7,0,20
1,6.8,37.7,0,20
7,4.6,40.1,0,24
8,1.9,46,1,38
10,11.3,34.6,0,24
1,3.3,30.9,0,22
2,19.1,33.2,0,20
10,25.9,38.4,0,30
3,4.6,39.7,0,23
9,33.8,26.9,0,28
4,2.1,37.6,0,21
7,22.7,34.5,0,27
8,11.2,42,0,25
4,19.7,30.7,0,24
3,5,30.7,1,28
4,8.2,33.3,0,21
5,0.2,33,0,21
7,9.1,32.2,0,24
9,0.2,32.6,0,24
6,4.2,34.2,0,24
9,1.3,29.3,1,29
2,6,38.4,0,20
6,11,42.1,0,26
1,7.3,34.8,0,22
2,1.3,29.8,0,21
2,5.9,34.2,1,28
5,7.1,40.2,0,24
8,2.7,35.7,0,22
6,27.9,41.8,0,29
10,2.8,37.1,0,24
2,19.4,41.1,1,31
1,1,30.8,0,20
7,6,30.1,0,25
8,1.9,36.7,0,22
3,3.2,32.9,0,23
4,1.9,34.2,0,22
7,6.6,44.6,0,31
7,0.1,37.5,0,23
6,15.1,38.8,0,22
3,9.9,41.2,0,24
10,2,39.9,0,23
5,3.8,32.1,0,21
10,15.3,37.5,1,30
1,7,37.3,1,26
4,17.9,33.2,0,22
6,7.1,35.5,0,22
5,3.1,41.9,0,27
3,15.9,31,0,20
5,2.2,35.8,0,23
10,5.8,43.5,0,32
3,41.2,40.3,0,30
4,1.1,33.1,0,22
5,6.3,42.8,0,25
10,6.3,25.3,0,23
1,7.5,29.3,0,21
2,9.5,36.5,0,22
7,23.2,31.1,0,26
9,10,25.1,0,25
5,9.3,40,0,24
6,8.1,35.8,0,24
5,2.8,35.9,0,22
10,1.7,33.1,0,26
6,2.7,37.3,0,21
6,3.5,35.4,1,28
4,5.5,39.6,0,24
4,3.2,40.2,0,22
5,2,32.7,0,23
1,0.9,35.5,0,22
2,3,37.1,0,22
4,0.9,38.3,0,20
7,4.2,32.2,1,29
10,17.9,34.3,0,27
9,17.7,40.3,0,25
1,4.5,37.3,0,20
1,8.9,32,0,20
3,2.7,40.1,0,21
7,2.1,36.9,0,23
8,12.1,26.1,0,24
2,23.2,29.7,0,22
8,42.8,38.9,1,38
7,28.5,39,1,34
3,3.2,31,0,21
7,47.1,37.7,1,38
3,4.3,34.4,0,21
1,10.1,41.7,0,21
8,1.5,35.2,0,24
3,13.4,29.8,1,27
7,17.2,38.5,0,22
6,34.2,39.2,1,35
4,15,30,0,24
4,4.9,34.4,0,22
8,2.5,38.9,0,23
5,9.6,29.9,0,22
4,24.4,25.5,0,23
3,0.3,32.1,0,23
9,47.7,42.7,0,39
8,6.8,33,0,22
8,1.2,33,0,25
7,27.6,29.3,0,28
6,1.6,25,0,25
7,5.2,35.2,1,27
1,20.1,32.6,0,22
6,2.6,31.9,0,21
5,7.9,41.2,1,28
7,18.4,30,0,24
3,2.4,32.1,0,23
10,8.2,36.5,0,24
7,3.2,29.7,0,22
3,9,33.7,0,21
1,14.5,33.9,0,20
8,2.3,35.7,0,24
9,16.5,41.8,0,29
5,23.1,39.7,0,26
8,1.6,30.4,0,25
1,4.3,33.4,1,24
6,12.5,32.7,0,22
7,1.3,35.6,0,23
2,10.4,36.9,0,22
10,37.3,30.8,1,38
7,9.3,27.5,0,23
6,25,33.9,1,31
9,5.6,34.7,0,23
4,6.2,36.2,0,23
7,11,41.7,0,25
9,6.3,33.4,0,23
8,7.2,35,0,23
1,6.5,37.1,0,22
6,5.3,33.9,0,22
8,6.7,46,0,34
9,1.6,29.8,0,25
3,13.6,32.5,0,23
4,3.2,40.5,1,26
7,18.4,43,0,31
10,22.8,43.1,0,31
8,0.1,40.4,0,23
10,0.5,41,0,27
4,8,46,1,35
4,3.7,35.8,0,21
7,1.3,36.3,0,24
6,1.9,34,0,24
8,17.6,31.3,0,25
7,1.1,40.6,0,24
5,1,33.9,0,22
5,3.9,29.4,1,28
2,5.6,34.5,1,28
7,12.1,34.3,1,27
8,14.5,29.1,1,29
6,1.1,33.5,0,22
6,6.1,32.2,0,25
10,15.2,31.7,0,24
2,13.2,33.3,0,20
1,2.1,25,0,20
6,7.9,30.9,0,22
9,9.6,39.9,0,25
3,3.2,39.3,0,21
2,11.7,42.4,0,25
3,4.8,37,0,22
7,5.2,36.1,0,22
4,20.3,25,0,24
2,13.6,34.5,0,20
5,1.3,28.9,0,23
4,1.2,35.1,0,22
2,12.2,36,0,22
1,12.2,31.9,0,22
10,4.3,44.9,0,30
1,7.9,31.7,0,21
5,19.1,39.8,0,22
8,6.9,37,0,23
1,1.7,32.5,0,20
2,4.6,44.8,0,27
9,5.9,38.4,0,24
7,3.4,30.4,0,23
5,5.6,29.8,0,23
3,1.1,35.7,0,21
8,9.9,32.6,0,25
6,3.2,36.4,0,21
7,5.1,39.5,0,22
6,8.3,41.1,0,24
8,21.2,31.8,0,25
8,2.3,36.6,0,24
6,9.4,33.1,0,23
2,27.6,28.9,1,31
8,12.5,38.1,1,28
4,5.4,33.6,0,23
8,9.7,42.9,0,28
5,1.3,33.8,0,22
6,0.7,34.3,0,24
7,5,31.1,0,25
3,38.9,34.5,1,33
7,5.8,33.2,1,28
2,11.1,38.4,0,20
1,5.7,38.3,0,20
6,12.5,37.1,0,23
6,0.6,31.3,0,24
10,3,34.6,0,25
5,15.5,36.6,0,21
9,0.6,33.3,0,26
2,5.4,31.4,0,22
4,14.2,34.3,0,23
6,7.7,39.3,1,27
6,3.3,32.4,0,22
7,1.9,40.6,0,23
9,2,27.8,0,26
9,23.5,35.8,0,29
9,7,38.6,0,26
5,6.1,32.9,0,22
8,4.5,32.5,0,25
10,7,31.4,0,26
4,4.5,29.7,1,28
6,0.5,31,0,25
7,10.7,33.3,0,23
3,14.3,34.6,0,23
8,14.2,25,0,24
5,11.3,36,1,29
6,5.9,38.8,1,30
1,6.3,43,0,26
3,4,38.5,0,23
3,3.9,29.4,1,27
6,9.4,36.9,0,21
5,19.2,35,0,22
1,1.1,39.1,0,22
4,9.8,32.9,0,23
4,16,34,0,21
9,12,43.4,1,35
7,2.9,39.2,1,27
9,5.3,40.4,0,25
9,1.7,36.9,0,25
4,13.3,29.3,0,22
1,16.6,35,0,20
3,20.6,29.8,0,21
7,0.4,43.2,0,28
4,11.4,30.5,0,23
9,4.1,36.1,0,26
7,18.4,32.6,1,29
1,4.1,37.3,0,22
5,10.3,27.1,1,27
2,12,25.2,0,20
2,12.1,38.1,0,22
4,39.8,42.6,0,33
7,2.8,31.9,1,29
10,21.1,38.1,0,28
4,11,33.5,1,28
8,28.5,33.9,1,33
9,2.4,28,0,25
2,8,27.6,0,20
7,14.7,43.8,0,31
7,27.5,33.9,0,28
10,17.9,26.6,0,28
1,4.3,39.4,0,22
6,2.2,34.1,0,23
2,15.7,29.7,0,21
10,11.8,32.1,0,26
6,60.8,40.1,0,37
3,1.6,31.2,0,20
5,17.4,38.3,0,25
5,12.6,37.1,0,22
4,6,31.5,0,24
1,9.7,42.2,0,24
4,0.6,25,0,23
7,4.7,31.4,0,23
9,13.8,37,1,31
9,16.2,27.1,0,24
6,31.4,33,0,27
4,11.8,27.4,0,21
9,18.3,33.9,1,31
9,28.3,39.4,1,33
1,30.9,38.3,0,26
3,3.3,34.6,0,22
4,7.6,33.6,0,21
8,1.4,41.6,0,25
6,2.3,33.7,1,27
5,0.2,33.7,0,24
1,23.5,43.7,0,29
7,0.1,39.8,0,23
9,8.5,38.6,0,23
9,7.3,39.6,1,28
6,20.8,34.6,0,25
9,11.6,25,1,30
9,2.5,37.8,1,31
4,4.1,29.3,0,21
6,5.5,32.9,0,21
8,13.2,32.3,0,23
1,4.1,34.5,0,20
4,20.2,38.8,0,25
9,17.4,40.6,0,27
3,1.4,41.2,0,22
2,11.3,32.8,0,22
5,4.7,39.8,1,27
3,3.7,35.8,0,22
3,7.6,37.3,0,22
1,1.3,32.5,0,22
1,8.1,32.4,0,20
9,15.8,35.9,0,26
9,23.8,40.9,1,32
10,7.7,34.4,0,27
2,4.1,38.9,0,22
3,0,38,1,28
4,1.3,33.2,0,22
3,7.4,38.2,0,22
6,11.7,33,0,23
5,1,29.2,0,24
3,5.9,34.9,0,22
5,5.1,28.2,0,24
4,45.2,30,1,34
10,18,34.7,0,25
8,33.4,40.7,1,37
8,3,35.8,0,26
6,11.9,40.3,0,25
9,11.5,34.4,0,26
4,1.6,40.6,0,25
1,9.2,42.2,1,30
1,10.4,38,0,20
7,12.9,41.3,0,27
5,5.6,32.3,1,27
6,21.7,39.4,0,24
5,0.8,41.6,0,26
10,0.2,37.2,0,24
10,11.6,36.2,0,26
7,4.4,29.8,0,24
3,6.7,36.1,0,21
7,9.9,33.4,0,22
7,0.4,39.5,0,22
1,10.7,34.6,1,24
5,0.7,41.3,0,25
3,3.1,43.1,1,32
1,20.1,28.1,0,24
6,6.6,33.2,0,25
9,3.7,41.4,0,26
6,3.1,35.2,0,23
6,2.8,36.1,0,24
10,6.3,36.2,0,24
6,0.2,38.9,0,23
7,2.5,32.3,0,25
2,2.8,36.8,0,23
6,41.2,30.1,0,29
6,3.9,35.8,1,27
6,0,37.9,0,23
3,4.6,32.3,1,26
2,0.6,31,0,21
10,10,38.8,0,27
9,10,26.9,0,26
10,8.9,38.3,0,25
4,3.3,37.4,1,29
4,6,32.4,0,20
10,6.2,28.4,1,30
9,1.5,29.9,0,24
7,9.4,33.1,0,23
8,19.8,37.6,0,24
2,3.1,37.6,0,22
5,7.1,34.2,0,22
3,28.1,34.2,0,25
10,27.6,33.6,0,30
9,17.7,35.4,0,26
2,18.3,30.7,0,23
2,11,33.7,0,22
3,14.7,35.3,0,20
8,2.9,42.7,0,28
4,17,40.5,0,22
5,1.4,25.3,0,23
9,9.2,36.1,0,24
1,20.7,29.5,0,23
9,18.5,30.8,0,24
7,9.6,36.8,0,24
6,23,25,0,27
5,16,32.7,0,23
2,10.6,41.5,0,22
8,18.5,42.7,0,30
1,30.6,33.8,0,25
4,2.3,32.9,0,24
8,9.1,28.9,0,25
9,4,30.5,0,24
8,2.1,31.3,0,24
5,2,33.5,0,24
9,13.8,36,0,26
4,3.7,38.7,0,23
7,10.6,36.4,0,25
2,4.4,42.5,0,24
6,7.7,29.8,0,22
5,14.3,34.9,0,21
3,3.8,40.9,0,21
5,12.7,29,0,24
2,20.7,28.8,0,23
2,8.9,25,0,20
7,7.2,36.7,0,24
3,2.5,32.6,0,21
6,4.3,31.1,0,23
3,2.2,26.8,0,20
1,6,39.3,0,22
9,20.6,31.9,0,27
4,15.2,45.6,0,31
2,12.5,36.9,0,23
9,3.1,26.7,0,26
4,4.5,32.5,0,24
3,0,38.2,0,20
1,28.8,32.1,0,25
4,24.6,37.1,0,27
7,29.9,34.1,0,26
5,0.5,41.1,0,22
8,8.6,41,0,27
1,1.8,37.8,0,20
6,11.8,34.5,0,24
5,13,37.1,0,21
2,1.5,26.3,0,21
10,2.7,33.1,0,25
6,9.7,39.8,0,24
9,4.1,39.2,1,29
10,48.2,33.1,0,37
9,1,29.6,0,24
10,1.8,25,0,23
1,9.9,35.5,0,22
9,2.5,26.8,1,29
1,22.3,35.5,0,21
8,1.1,40.6,0,26
6,2.7,38.7,1,29
4,8.6,33.7,0,22
2,4.2,32.1,0,20
2,2.6,30.3,0,22
3,25.7,33.7,0,23
7,2.1,37.6,0,23
5,7.4,26.3,1,28
6,9.5,36.5,1,29
1,4,35.4,0,21
5,7,28.7,0,23
9,0.3,31.6,0,26
3,17.1,32.5,0,23
8,0.8,43.4,0,30
6,5.5,25.8,0,24
1,6.3,25.7,0,22
6,6.9,32.7,0,24
5,19.6,27.7,0,22
7,0,26.7,0,24
9,10.7,25.8,0,25
10,3.4,30.8,1,30
10,5.2,33.6,0,24
1,13.7,28.1,0,20
4,1.3,31.9,1,27
8,17.9,26.3,0,26
1,0.7,29.1,0,22
2,23.3,40.8,0,26
6,6.5,34.7,0,23
5,0.6,30.8,0,21
5,7.3,35.1,1,27
1,17.9,26.1,0,22
9,20.3,40.6,0,26
7,0.3,37.7,0,22
2,4.3,37.3,0,20
8,33.1,34,0,28
10,0.9,33.2,0,26
2,1.4,33.9,0,21
8,7.1,38.8,0,25
7,8.2,32.7,0,22
10,25.3,40.7,0,29
4,0.3,40.8,0,22
10,5.8,31.6,0,24
7,0.8,28.6,0,23
3,2,31.6,0,21
10,29.9,30.2,0,30
3,36.8,36.7,0,26
2,19.9,33.8,1,27
6,12.5,45.1,1,37
2,9.9,37.5,0,20
5,20.5,25.3,0,26
6,9.7,37,0,23
9,3.7,33.9,0,23
10,2.5,35.6,0,25
10,4.9,39.1,0,25
5,15,31.7,0,23
10,41.8,38.3,0,32
3,1.3,36.7,1,27
1,15.4,35.1,0,20
7,1.4,41.5,0,25
2,0.6,26.9,0,22
4,1.9,32.4,0,21
6,12.4,36.8,1,30
8,8.8,32.5,0,26
8,5.1,35.8,0,23
6,6.6,45.6,0,31
4,2.3,34.9,0,24
7,0.8,40.1,1,30
7,3,33.6,1,27
5,4.3,29.5,0,21
8,1,35.7,0,23
4,14.5,25,0,22
5,10.9,32.6,0,21
10,35.2,33.4,1,36
7,21.3,40.1,0,26
4,27.6,42.2,1,33
10,18.6,28.9,0,27
10,4.9,35.7,0,25
5,16.4,40,0,23
9,7,38,0,26
1,20.8,37.9,1,26
2,12.2,43.1,0,24
8,10.9,31.8,0,25
9,7.3,29.3,0,25
8,12.8,36.3,0,23
4,3.1,38.7,0,22
6,30.8,37.3,0,29
7,7.2,37.3,0,25
5,6.5,34,0,21
10,29.9,35.1,0,29
1,37,32.1,0,28
8,1.3,37.7,1,27
7,6.4,41.9,0,28
2,31.4,32.6,0,27
4,5.8,35.2,0,22
1,16.5,36.5,0,21
1,10.3,30.9,0,20
9,7.7,37.6,0,23
4,3.4,31,0,23
10,5,30.7,1,31
4,6.2,35.4,0,24
8,39.8,29,0,31
6,5.2,32.4,0,24
9,4.5,33.2,0,25
10,2,42.3,0,27
6,0.7,36.2,0,23
3,0.9,29,0,20
8,25.5,37.6,0,26
8,4.7,37.1,0,25
4,4.3,36,0,22
5,7.6,38.5,0,22
10,12.9,37,0,26
10,2.3,34.3,0,24
9,11.7,28,0,23
5,15.6,34.2,0,22
5,6,36.6,0,24
6,23.4,26.5,0,27
10,9.3,35.3,0,27
2,4.3,32.1,0,23
7,6.1,32.4,0,24
1,34.8,33.4,0,26
8,4.1,40.5,0,24
8,1.5,44.2,1,35
10,5.2,42.6,0,27
9,5.9,29.8,0,23
8,0.8,46,0,34
2,20.9,34.3,0,24
8,6.3,41.1,1,30
9,22.4,32.8,1,31
6,11,36.5,0,24
7,1.2,31.7,0,24
3,4.5,30.4,0,20
1,2.7,30.8,0,20
6,13,29.6,0,22
2,11.5,40,0,20
10,12.3,46,0,35
8,17.1,34,0,24
7,5,39.6,0,22
9,9.5,40.2,0,23
5,14.8,34.1,0,21
8,2.6,26,0,23
4,14.9,38.3,0,23
10,7.3,36.5,0,24
9,4,44.4,0,30
5,0.9,31.8,0,22
8,19.4,38,1,31
6,6,37.2,0,25
3,16,34.8,1,28
5,17.3,28.8,0,23
5,13.9,35.6,0,24
2,29.7,32.5,0,25
1,2.5,43.8,0,26
3,24.9,25.6,0,26
5,4.2,46,1,36
2,1.2,41.4,0,24
4,13.6,39.1,0,22
2,1,31.3,0,21
8,22.7,30.1,0,27
8,15.9,34.6,1,27
5,26.3,39.8,0,27
8,5.7,33.6,0,23
8,12.1,36.1,0,22
5,14.9,34.7,0,23
2,12.4,26.7,0,22
10,5.6,30.2,0,26
7,6.4,34.2,0,23
10,19.1,38.8,0,25
3,0,29.9,0,20
5,2.5,28.3,1,29
8,4.6,28.3,0,25
9,4.9,37.8,0,26
5,0.7,36,1,27
1,32.2,39.4,1,29
9,4.4,33.4,0,25
8,17.8,41.7,0,26
1,18.3,41.9,1,31
2,2.8,40.4,0,23
7,22.2,39.1,0,27
5,26.4,29.3,1,30
6,5.2,38.2,0,23
4,13.1,34.7,1,26
9,0.4,37.4,0,26
9,2.6,30.1,0,25
4,6,25,0,22
1,6.8,28.9,0,22
3,8.4,33.8,0,21
8,1.4,31.8,0,23
5,10.9,41.1,0,23
6,2,36.1,0,23
3,2.9,35,0,22
8,5.9,39.2,0,25
10,9.6,32.8,0,26
3,20.2,33.2,1,29
9,0.1,34,0,25
9,5,29.5,0,26
7,11.9,28.1,0,25
4,1.5,31.1,0,23
6,2.7,35.5,0,24
3,19.2,37.9,0,25
3,1.3,28.8,1,28
4,4.1,28.8,0,24
7,10.2,31.1,0,23
8,10.8,33.1,0,25
5,12.3,36.7,0,23
7,3.4,33.6,0,23
1,14.2,35.2,0,20
10,4.5,28.6,1,30
4,4.2,43.3,1,30
7,5.5,31.4,0,22
10,14.4,33,0,25
8,7,35.6,0,25
9,1.9,36.8,0,24
8,9.1,34.5,0,26
10,2.2,44.5,0,31
7,7.1,36.6,0,24
8,0.5,41.8,0,28
3,0.8,33.8,0,21
5,28.1,32.1,0,25
2,2.9,36.5,0,20
2,43.8,38.6,0,31
9,9,34.2,0,26
2,45.4,35.3,0,32
5,1.4,35.2,0,23
5,5.9,36.4,0,23
2,31.5,31,1,31
2,5.7,30.8,0,23
10,5.1,39.9,0,26
2,8.1,37.9,0,20
8,3.8,46,0,34
5,22.2,36.5,0,24
6,1.8,40.4,0,23
8,10,34.1,0,24
5,2.6,28.4,0,23
2,5.4,37.5,0,20
7,4.7,25,1,29
8,0.9,39.2,0,25
5,6.4,34.4,0,24
8,2.9,33.2,0,24
4,4,36.7,0,22
9,16.2,35.2,0,25
8,2,31.8,0,24
3,15.3,33.5,0,23
4,2.4,46,0,30
6,12.9,34,0,22
8,3.2,26.5,0,25
6,2.7,35.5,1,27
3,12.9,33.3,0,20
2,28.4,30.2,0,27
7,5.8,38.1,0,24
3,4.2,31.2,1,28
8,3.6,28,0,25
9,15.5,30.1,0,25
9,8.9,28.3,0,23
6,5,25,1,27
2,2.1,27.4,0,21
6,12.7,30,1,29
7,1.3,44.6,0,31
7,7.5,39.4,0,25
7,1.9,39.3,0,25
5,1.1,38.9,0,23
4,12.9,35,0,21
2,6,41.9,0,23
1,0.3,37.6,0,21
9,0.9,33.4,0,26
1,8.3,25,0,22
7,16,39.3,0,25
4,2.8,32.4,0,20
3,12.1,35.8,1,25
2,9.1,42.4,0,24
8,26.6,34.6,0,28
7,10.7,35.2,0,25
5,20.8,40.6,0,27
1,1.5,33.3,0,20
4,7.1,38.4,0,21
10,5.2,29.3,0,25
9,10.4,30.7,0,23
4,24.3,42.2,1,35
5,10.3,40.3,0,24
5,0.5,30.6,0,21
7,5.3,40.8,0,24
9,16.9,28.2,0,25
1,3.9,35.3,0,22
2,0.4,34.4,0,22
2,5.6,29.8,0,20
9,3.2,32.5,0,25
4,3.9,26.6,0,23
8,9.3,39,0,25
10,3.9,31.6,0,26
8,0.2,33.5,0,25
10,5.5,30.4,0,25
4,25.4,38.1,0,24
8,4.1,25,0,24
10,9.6,35,1,29
6,35,32.5,0,29
10,13.7,33.4,0,25
1,24.4,30.5,0,25
8,1.1,43.3,0,28
5,12.3,33.6,0,24
3,4.4,34,0,21
8,11.1,45,0,33
7,0.5,30.3,0,25
7,2.4,41.7,0,27
4,3.3,37.7,0,24
7,10.9,36.9,1,28
3,5.7,36.2,1,28
3,10.1,32.7,0,21
3,2,36.3,0,21
2,4.4,30.3,0,22
1,1.3,31.8,1,25
4,14.6,39.1,0,20
2,16.1,36.9,0,22
9,2.7,25,0,25
4,1.5,31.7,0,23
7,12.8,33.3,0,22
3,1.2,37.8,0,23
1,8.4,34.8,0,20
6,45.3,29.4,0,31
6,5.8,33.7,0,21
9,5.2,32.8,0,25
5,10,37.7,0,22
8,1,37.7,0,23
2,6.4,38.1,0,20
8,0.2,30.6,0,23
4,9,38.6,1,28
8,4.4,45.9,0,33
8,14.5,43.9,1,36
3,7.2,30.4,0,22
10,20.5,34.7,0,26
5,14,33,0,22
10,1.2,32.7,1,29
9,3.1,35.4,0,24
8,40.9,30.2,1,35
8,8.4,29.4,0,25
5,4.2,31.2,0,24
4,7.7,33.1,0,21
6,22.5,37.9,0,25
1,0.9,37.7,0,21
3,1.3,45.6,0,31
2,9.7,34.6,0,22
5,11,36.4,0,22
1,48.7,36.4,0,29
1,5.9,34.4,0,22
6,1.3,33,0,22
8,1.2,36,0,22
9,12.3,35.9,0,23
6,58.2,32.5,0,37
8,5.7,37.2,0,26
1,3.5,29.4,0,21
3,2.5,41.2,0,23
4,10.1,38.3,0,24
8,20,35.2,0,26
4,33.3,36.8,1,31
6,2.1,43.4,0,28
8,4.3,40.1,0,23
5,0.7,39.3,0,21
3,20.4,37.4,0,21
3,6.9,38.8,0,20
8,5.3,34.1,0,24
10,11.6,38.1,0,25
6,6.1,34.5,1,30
9,0.1,35.5,0,23
9,1,30.6,0,25
3,21.6,34.1,0,24
10,11.8,38.4,0,27
10,16.1,40.7,0,25
7,8,36.3,0,24
7,5,32.6,1,27
3,16.1,36.6,0,21
1,9.1,31.5,1,27
6,6.8,37.8,0,22
9,17.4,29.9,0,27
4,20.9,31.6,0,23
1,0.7,34.8,0,22
7,50.6,30.5,0,35
4,6.2,36.8,0,21
8,9.7,42.8,0,30
7,3.6,34.8,0,24
5,1.6,41.4,0,26
3,3.2,45.5,0,28
10,12.1,37,0,23
7,0.5,32.4,0,23
10,2.3,33.7,0,24
1,7.6,39.4,0,20
5,7.9,28.2,1,29
9,2.8,32,0,25
2,15.1,26.7,0,23
3,0.7,26.3,0,22
4,2.2,33.8,0,23
5,2.5,34.4,0,24
9,7.4,39,0,25
6,19.7,33.8,0,25
10,1.3,27,1,29
4,2.1,30.6,0,22
6,4.7,35.7,0,23
8,16.9,33.7,0,23
1,28.9,31.5,0,25
9,59.2,36,0,40
2,10.8,33,1,25
8,15.3,33.3,0,24
5,2.4,32.1,0,22
7,4.8,44.1,0,31
8,14.3,28.8,0,25
5,4.9,40.5,0,22
7,40.6,41,1,37
1,24.7,35.9,0,22
9,27.8,29.3,0,28
2,8.7,29.1,0,20
5,6.8,28.7,0,24
6,20.6,26.7,1,31
1,0.2,31.3,0,21
3,35.5,31.4,0,27
10,1.7,29.5,0,27
10,2,36.8,0,26
6,8,34.1,0,23
6,3.9,33,1,28
2,5.6,39.2,0,20
7,12,36.3,0,25
10,7.8,39.5,0,25
8,1.6,37.6,0,24
10,0.3,30.6,1,30
10,9.2,27.4,1,28
9,15.4,37.2,0,25
1,10.4,29.6,1,24
6,0.4,26.8,0,22
8,2.1,36.8,0,25
1,13.8,29.1,0,22
8,0.8,25,0,26
4,0.1,32.6,0,24
3,2.6,36.2,0,23
1,9.3,30.3,0,20
4,2.8,25,1,28
3,7.7,30.8,0,20
4,9,39,0,22
9,2.6,34.2,0,25
2,12.7,38.3,0,20
3,9.5,40,0,23
7,1.4,38.8,0,22
1,15.8,38.2,0,20
10,7.2,38.5,0,26
10,12.8,32.1,0,23
5,2.5,33.2,0,22
1,12.1,37.4,1,27
1,6.4,32.3,1,25
10,6.9,40,0,26
10,4.2,32.7,1,32
7,1,30.1,0,25
4,19.8,34.6,0,25
10,8.2,27.3,0,27
5,20.4,36.9,0,26
3,15.3,41.6,1,31
3,11.3,42.6,0,27
6,1.9,38.3,1,27
2,9.1,42.3,0,24
5,10.6,32.6,0,24
6,5.7,41.5,0,27
10,1.4,26.7,0,26
5,5.9,38.3,1,27
1,15.8,34.3,0,20
7,7.1,31.8,1,29
3,11.2,33.8,0,22
8,20.1,32.5,0,24
4,15,31.2,0,23
8,40.2,31.1,0,33
10,5,40.6,1,29
8,19.7,33.2,0,26
5,16.5,43.8,0,29
10,29.5,25.1,0,29
6,8.9,34.5,0,22
2,21.3,37.3,0,24
9,25,29.5,0,27
5,7.3,35,0,22
3,1.2,39.9,0,23
2,13.3,25.6,0,20
8,9.6,40.5,0,26
1,0.7,34.7,0,21
10,1.1,35.4,1,28
7,2.1,30.4,0,25
8,0.9,38.5,0,22
7,19.3,42.4,0,30
8,3.3,34.5,0,23
1,13.6,42.7,0,26
8,9.7,31.5,0,23
3,26.3,41.4,0,28
4,3.3,43.6,0,28
5,3,41,1,29
9,4,34.7,0,25
7,4,33.4,0,24
8,3,28.9,0,25
10,10.4,40.6,0,27
6,1.2,42.6,0,25
8,8,33.7,0,22
10,9.3,32.5,0,26
4,12.2,26.6,0,22
5,9.5,27.8,0,24
7,9.7,28.9,0,23
4,5.9,35.1,0,23
3,0.3,33.3,0,23
6,4.2,34.8,1,26
3,5.4,36.4,0,23
8,0.7,32.9,0,22
7,19.7,40.1,0,26
8,10.5,36.8,0,24
2,0.8,33.7,0,20
4,23.7,32.7,0,26
6,0,35.5,0,22
7,1.5,34.4,0,22
3,1.1,27.7,0,21
9,1.7,35.3,0,26
1,0.7,35.5,0,20
3,14.8,38,0,20
5,28.8,42.6,0,29
4,6.6,31.8,0,21
1,1.5,33.9,0,21
10,4,43.1,0,29
1,25.7,33.8,0,24
8,31.8,32.5,0,28
1,12.6,28.3,0,20
6,7.8,44.2,0,29
6,8.1,31.8,0,25
8,4.3,37.9,0,23
9,10.5,41,0,24
2,9.1,35.9,0,22
6,7.9,41.3,0,25
9,10.9,31.5,0,23
7,7.9,31.9,0,23
2,12.7,38.9,0,22
9,8.2,35.2,0,25
4,6.3,33.5,0,21
8,20.8,33.6,0,24
7,11.5,34,0,22
5,6.4,28.5,0,22
1,20.1,37,0,24
4,3.7,35.8,0,23
5,7.2,25,0,23
6,20.6,30.7,0,26
8,3.8,37.7,0,25
1,7.7,35.3,0,20
6,31.3,41.4,0,31
9,18.5,37,0,26
1,6.9,36.5,0,22
2,2,35.6,0,20
10,7.5,32.6,0,27
5,3.6,25,1,28
1,26,28.4,0,23
8,3.9,33.3,0,24
2,4.2,38.1,0,23
10,1.3,40.9,0,28
3,4.4,28.4,0,23
1,3.9,32.2,0,20
2,3.6,35.9,1,25
10,17.5,38,0,25
4,17.8,32.4,0,24
5,3.7,33.6,0,23
5,27.7,30.5,0,27
5,24.8,29,0,24
6,4.2,39.1,0,24
8,29.4,25,0,29
9,3.1,34.2,0,24
6,11.3,29.9,0,22
7,9.3,33.1,0,25
8,2,26.8,0,24
10,0.1,39.7,0,24
4,1.1,40,0,21
1,22.7,39.8,0,24
1,13.6,40.9,0,21
9,5.7,38.4,0,24
5,9.1,29.6,0,21
7,0.9,37.7,0,25
10,1.3,38.5,0,25
10,20.6,33.3,0,26
4,15.8,36.4,0,22
9,3.4,30.2,0,23
5,5.2,36.2,1,29
3,5.5,46,0,32
10,12.8,41.6,0,25
9,12.7,41.3,1,30
10,14.3,28.5,0,25
8,8.1,40.9,0,27
5,1.3,41.4,0,25
3,7.8,37.2,0,23
3,5.6,41.8,0,26
8,3.9,36.7,0,25
3,6.2,33.6,0,22
5,0.6,36.8,0,23
4,13,33.9,1,25
3,13.2,43.9,0,26
2,10.4,26.1,0,20
3,1.6,31.4,0,21
10,8.9,33.3,0,23
10,4.1,38,0,24
7,5.6,35.4,1,27
3,21.4,28.6,0,22
1,27,28.6,0,22
3,26.8,32.1,0,24
7,6.4,40.3,0,23
10,1.8,25,0,24
7,3.7,38.7,0,22
8,1,35.6,0,23
3,7.2,42.1,1,29
10,10.9,36.5,0,25
5,9.5,34.5,0,21
9,3.3,30.5,0,23
2,30.4,31.9,0,24
10,17.5,34.3,1,32
2,2.6,36.1,0,20
10,3.3,33.5,0,26
1,2.7,29.2,0,20
9,3.4,35.6,0,23
2,12.9,34.9,0,22
2,14.1,33.7,1,26
10,5.6,30.2,0,25
2,4.8,31.4,1,24
3,9.4,25,0,21
2,7.2,45.3,0,31
6,2.7,35.1,0,23
7,6.8,25,1,27
4,4.9,34.4,0,21
2,22.1,42.1,0,25
6,1.7,34.3,0,21
3,0.1,28.7,0,22
10,12.2,39.7,0,25
7,0.5,38.3,1,30
8,2.7,40.6,0,25
1,57.1,25.9,1,37
6,0.7,35,0,24
6,18.2,40.9,0,26
2,55.9,29.7,0,32
3,3.7,35.2,0,20
5,2.7,37,0,24
3,9.8,43.3,0,25
8,7.8,36.2,0,23
6,4.9,27.7,0,23
6,1.3,30.7,0,23
3,12.6,36.2,0,20
4,26.7,41,0,25
2,1.2,43,0,27
6,6.1,32.7,0,24
2,11,39.3,0,20
5,5.1,39.1,0,22
6,1.6,30.4,1,27
10,11.4,35.3,0,23
1,4.7,40.6,0,21
6,1.7,37.2,0,24
6,19.6,35.8,0,24
5,2,34.7,0,22
4,9.3,33.6,0,20
10,2.2,29.7,0,25
9,6.7,30,0,26
8,4.6,31.9,1,28
4,13.4,37.2,0,22
4,9.8,30.9,0,20
2,6.1,36.7,1,27
10,16.7,31.3,0,27
7,92.3,32.7,0,45
2,0.6,38.7,1,24
10,5.8,38.5,0,23
8,16.9,34.1,0,25
3,6.5,30.4,1,27
5,0.3,30.5,0,24
10,23.7,33.9,0,27
3,2.2,35.5,0,22
2,7.8,35.4,0,20
10,24.4,34.1,1,32
4,10.2,33.6,0,22
8,0.2,30.9,1,28
4,3.4,39.3,0,20
10,2.8,27.7,0,24
6,0.1,34.1,0,24
2,1.2,41.4,0,22
4,0.7,41.7,0,23
10,1.3,32.4,0,24
4,12.2,33.7,0,20
4,12.8,40.7,1,30
10,24.7,36.3,0,27
7,3.1,34.3,0,22
10,6.3,46,0,35
1,21.4,37.6,1,27
5,11.2,31.9,0,24
3,5.4,37.9,1,25
4,11,34.6,0,22
1,3.9,39.5,0,22
4,11.4,31.2,0,24
4,14.9,38.1,0,22
7,1,25,0,24
5,8.2,32.7,0,23
3,10.1,29.2,0,21
8,5.9,33.6,0,24
2,15.6,41,0,22
8,10.3,28.9,0,24
7,9.3,33,0,25
6,5.1,29.3,0,23
1,6.6,38.6,0,21
4,3.5,31.5,1,26
8,2.8,33.7,0,25
7,0.3,42.9,0,29
2,55.5,25,0,33
4,39.5,30.7,1,35
3,5.5,31.4,0,20
9,1.6,37.2,0,23
6,2.3,34.1,0,24
8,13.5,40.3,0,26
10,4.5,42.9,0,28
4,0.1,28.4,1,29
6,10.6,35.6,0,24
4,12.4,31.9,0,21
7,26.1,32.1,0,28
7,12.2,27.4,0,25
4,3.6,34.7,0,22
4,11.3,37,0,22
4,2.5,44,0,30
9,6,38.3,0,26
5,12.1,40.3,0,23
7,2,39.4,1,28
9,5.3,28.6,0,26
5,1.3,42.7,0,25
2,1.1,25,0,21
10,5.9,39.2,1,31
3,21.2,39.2,0,24
10,11.8,30.4,0,26
2,3,33.9,0,23
7,2.6,31.8,0,22
4,1.7,30.5,0,21
7,2.5,36.5,0,23
5,18.5,38.7,1,29
6,5.4,33.4,1,28
6,24,43.9,0,34
4,1,29.5,0,21
8,3.2,40.7,0,25
10,13.2,43.4,0,31
6,2.6,33.7,0,21
6,14,33.7,0,23
9,12.7,30.1,0,24
1,4.7,29,0,21
6,10.5,35.4,1,27
9,8.1,26.5,0,26
6,3,37.8,0,21
10,14.9,33.2,0,25
8,9.2,37.2,0,26
9,14.3,33.5,1,31
5,26.7,34.4,0,25
7,28.5,34.2,0,29
5,14.4,30.7,1,27
7,2.2,35.3,0,24
5,2.2,37.1,0,24
6,6,36.9,0,22
4,3.7,31.6,1,25
5,18.5,33.3,0,22
6,6.6,43.3,0,29
4,12,34,0,21
3,15,29.6,0,20
3,3,25.4,1,27
5,3.2,37.9,0,24
4,0.4,32.8,0,22
6,4.3,43.9,0,29
8,3.8,32.2,0,24
4,12.1,36.8,1,26
2,18.3,39.9,0,23
2,7,36.9,0,23
7,18.2,31.9,0,23
4,6.1,44.1,0,30
5,6.8,30.4,0,23
5,16.2,31.9,0,23
8,9.6,43.4,0,28
4,12.1,30.3,0,21
1,0.4,31.4,0,20
3,14.2,40.5,0,24
6,10.1,34.9,0,25
10,2.4,36.5,0,25
8,20.1,35.2,0,27
4,17.3,38.9,0,23
9,5.6,39.2,0,26
3,6.7,40.9,1,30
5,12.6,32.1,0,23
6,1.7,31.7,0,22
3,12.6,33.7,0,22
2,45.1,40.7,0,30
5,15.3,34.9,0,24
3,10.6,40.1,0,22
5,21.6,36.4,0,24
2,0.3,35,0,22
3,9.8,29.3,0,23
3,4.3,40.1,0,24
8,5.3,33.9,0,23
2,1,33.5,1,24
2,7.7,39.7,0,21
1,20.7,42,0,26
10,1.7,32.2,1,31
1,16.4,31.9,0,20
6,0,42.4,0,27
5,13.3,32.1,0,24
3,16.4,33.9,0,23
2,1.9,32.1,0,22
10,11,38.8,0,26
3,18.5,37.2,1,27
8,4.7,42.6,0,27
1,0.2,31.3,0,20
6,2,29.1,0,25
8,6.9,39.3,0,23
2,4.2,30.6,0,22
6,21,42.6,0,27
4,9.6,29.2,0,22
2,1.4,45.6,0,29
3,11.6,36.2,0,21
10,34.7,29,0,30
6,17.4,28.4,0,23
1,1.5,25,0,21
8,3.9,35.8,0,23
6,16.1,28.8,0,22
5,7.6,33.5,0,21
4,0.1,42,0,26
2,1.5,35.6,1,24
5,0.9,33.6,0,22
1,1.2,43.2,0,25
8,7.7,25,0,25
7,2.2,35.7,0,24
3,26.9,42.7,0,27
10,3.6,34,0,24
1,0.3,36.7,0,22
8,9.3,32.7,0,24
7,16.4,35.5,0,24
3,1.3,36.9,0,22
10,16.8,41.1,0,29
4,3.5,33.9,0,23
8,29.8,26.1,0,29
6,25.9,36.4,0,28
9,40.7,33,1,39
6,35.7,28.7,0,29
10,1.7,34.6,0,24
2,14.1,36.5,0,20
3,11.5,40.7,0,23
8,1,31.2,0,22
4,16.3,30.8,0,21
5,9.6,38.7,0,21
8,23,32.4,0,27
8,2.1,41,0,25
4,3,28.1,0,21
7,0.2,25.7,0,24
5,12.4,25,0,21
4,8.5,36.9,0,21
4,4.7,30.2,0,23
9,7.4,27.9,0,25
3,32.1,32.6,0,25
1,3.5,37.9,1,25
6,3.6,38.6,0,25
8,3.7,32.3,0,25
4,4.3,25,0,20
1,9.1,35.4,0,21
9,4.1,46,1,39
10,5.1,31.5,0,27
1,8.2,33.6,0,20
1,8.8,29.4,0,21
7,29.1,35.8,0,29
10,8.7,33.5,0,26
1,3.4,36,0,20
8,4,30.5,0,26
3,10.2,37.1,1,28
4,2.3,36.6,0,21
3,2.3,34.7,1,27
9,12,30.1,0,26
4,7.9,30.8,0,20
6,3.9,29.8,0,22
8,22,31.9,0,25
6,9,32.9,0,23
10,1.6,35.9,0,25
8,8.7,30,0,24
9,5.6,37.2,0,24
2,6.6,29,0,22
8,16.3,29.6,1,28
9,6.3,33.7,0,23
1,0.1,34,0,21
10,7.1,34.2,0,27
2,1.3,27.1,0,20
2,2.1,44.1,0,27
7,4.3,44.1,0,31
10,11.1,41.1,0,25
8,27,32.8,0,27
6,15.3,35,0,22
2,27.4,35.7,1,29
9,38.5,33.1,0,31
1,5.2,35.9,0,21
8,7.6,27.6,0,25
2,0.5,29.9,0,21
4,4.4,39.3,0,21
7,6.3,41.5,1,31
6,3.4,41.4,0,23
6,0.5,40.9,0,22
2,14.2,42.6,0,25
2,9.8,29.2,0,22
3,31.1,33.6,0,25
4,1,41.4,0,24
8,20.3,26.5,0,24
8,29.6,36.1,0,28
3,2.1,36.1,0,23
1,19.7,31.3,0,20
3,1.1,34.6,0,23
5,2.3,32.8,0,22
6,9.7,36.7,0,23
10,1.6,33.5,0,23
10,0.8,46,0,33
2,3.8,34.4,0,22
1,18.3,36.7,0,21
2,3,33.6,0,21
2,21.3,43.4,0,28
2,8.9,26,0,20
4,14.3,36.8,0,23
10,8.9,36.2,0,24
7,8,34.5,0,22
10,8.6,36.5,0,26
10,1,46,0,35
4,12.2,36,0,20
8,3.1,25,0,24
1,0.8,33.6,0,20
2,2.6,32.2,0,23
1,0,37.7,0,21
4,0.5,41.9,1,28
5,4.6,43.3,0,29
1,5,32.6,0,20
2,4.2,25.6,0,21
9,4.9,34.6,0,25
10,1.2,37.8,0,24
6,35.1,41.2,0,32
9,13.4,35.4,0,24
1,45.2,37.6,1,35
9,6.1,27.8,0,23
3,8.4,31.5,0,22
5,1.6,33.4,0,21
2,21.7,33,1,27
2,1.1,30,0,20
5,7.4,37.5,0,22
10,16.8,32,1,32
9,10.3,38,0,26
10,14,44.2,0,32
7,8.4,31.8,0,24
3,17.7,25.4,0,21
9,7.5,33.9,0,25
7,6.6,32.7,0,24
4,31.2,35.3,0,28
4,8.1,37.8,0,22
8,1,35,0,25
3,7.7,35.7,0,21
7,9.8,36.5,0,23
1,2.3,30.3,0,22
6,1.5,27,0,24
10,1.1,30.9,0,23
6,6.3,39.2,1,28
3,3.1,38.7,1,28
3,12.1,28.1,0,23
1,1.6,29.6,0,22
5,2.5,30.2,0,21
4,10,34.5,0,21
1,17.2,37.7,0,21
1,8.4,34.2,0,20
7,4.9,40.9,0,27
3,20.3,31.6,0,21
8,6.4,33.2,0,23
5,2.7,33.5,0,22
2,22.4,41.2,0,25
2,12.8,37.9,1,26
7,0.3,36.4,1,27
1,2.5,40.1,0,22
2,4,25,0,20
1,1.6,42.1,0,23
5,1.2,29.1,1,27
7,3.7,37.1,0,23
9,15.9,31.7,0,25
10,3.2,39.2,0,26
7,12.9,32.3,0,24
4,4.5,29.9,0,22
5,0.3,37.5,1,28
1,4.1,37.4,0,20
3,3.6,27.2,0,23
5,22.7,35.2,0,23
5,3.4,38.9,0,22
10,2.7,36.8,0,26
6,15,36.2,0,23
4,4.8,31.6,0,20
10,5.7,30.9,0,24
6,30.2,34.1,0,28
3,15.8,32.4,0,22
2,0.3,42,1,31
7,15.2,36.8,0,22
6,10,38.6,0,23
3,8.9,45,0,30
1,5,38.1,0,21
10,21.1,32,0,28
4,12.8,27.7,0,20
3,1.6,41.4,0,23
7,18.5,28.8,0,25
2,9,38.1,0,20
9,2.1,30.3,0,24
4,0.5,35.9,0,22
3,2.9,39.9,0,21
3,8.7,35.1,0,23
2,7.6,33.2,0,21
5,1.9,30.2,0,21
8,16.9,35.4,0,25
4,1.8,39.4,0,22
1,5,36.9,0,21
2,0.5,38.8,0,21
4,1.1,29.3,0,22
7,17,42.4,0,28
8,5.3,36.7,1,29
7,25.3,41.7,0,29
2,2.8,33.9,1,25
1,1.4,32.1,1,27
7,11,34.7,0,24
6,1.8,41.5,0,27
7,17.8,25.3,0,23
6,13.6,34.4,0,23
9,8.3,25,0,25
2,19.1,39.5,1,27
3,4.5,39.6,0,21
8,7.1,46,1,39
7,3.9,32.6,0,24
1,7.5,40.6,0,20
9,0.1,30.5,0,26
10,27.2,28.6,0,27
9,0.9,31.3,0,23
7,3.4,41,0,25
4,0.6,39.8,1,28
3,5.3,41.9,0,26
10,18.3,29.9,0,26
1,22.3,28.6,0,23
6,6.1,30,0,25
9,0.8,36.5,0,25
5,3.9,34.1,0,23
10,20,31.3,0,27
1,3.8,39,1,24
2,1.7,36.2,0,20
6,6.9,39.6,0,22
5,0.9,45.1,0,31
10,27,38.7,0,29
6,32,39.1,1,32
7,9.9,33.6,0,25
1,21.1,25,0,21
4,19.9,38.6,1,29
3,8.6,46,0,31
7,7.9,35.5,0,24
10,1.9,42.5,0,30
2,2.7,32.9,0,20
2,17.9,26.7,0,21
10,6.7,45,0,33
2,0.7,25,0,20
8,7.1,25,0,26
10,9.7,32.8,0,25
8,3.8,31.8,0,26
3,1.7,31.4,1,25
2,27.5,34.8,0,23
7,4.3,38.8,0,24
7,13.4,37.3,0,23
1,8.4,39.3,1,24
5,14.2,44.3,0,30
7,23.4,40.3,0,25
2,0.5,37.6,0,20
7,1.8,37.4,1,27
1,0.1,36.8,0,21
2,4.1,28.7,0,20
10,8.7,36.2,0,24
3,1.1,33.1,0,22
7,18.8,25,0,23
1,6.9,31,0,21
6,5.2,31.4,0,22
1,17.2,29.6,0,21
2,9.5,37.9,1,25
2,2,38.4,0,22
7,22.1,26.5,0,26
6,5.3,40.4,0,23
3,7.4,34.8,0,23
9,40.8,44.6,0,39
5,5.5,30.1,0,23
9,6.7,29.3,0,25
2,10.6,38.2,0,23
3,16.2,38.1,0,21
3,21.4,46,0,32
7,27.4,38.4,0,27
1,5.8,40.1,0,22
8,23.4,29.1,0,27
3,10,40.6,0,24
6,0.3,31.3,0,21
1,9.3,33.4,0,21
3,8.4,34.4,0,21
10,0.1,26.4,0,23
1,0.5,27.7,0,22
1,8.6,40.8,0,23
1,4.4,40.5,0,23
1,22.9,30.7,0,24
4,8.9,31,0,21
9,45,26.6,1,40
5,2,40.3,0,23
9,12.6,36.3,0,24
5,25.9,35.8,1,32
6,15.3,41.7,0,25
9,13.6,35.8,0,23
2,1.1,37.8,0,22
9,2.7,38.4,0,26
5,10.5,31.7,1,28
3,10.5,29.7,0,20
9,10,33.1,0,25
1,1.3,34.4,0,22
1,3.7,43.7,0,24
5,13.4,30.1,0,24
3,35.1,36.2,0,29
10,3.6,28.6,0,26
5,2.1,25,0,24
1,3.9,41.5,0,25
6,34.1,26.9,0,29
9,16.5,28.4,0,25
5,3.4,37.2,0,23
10,17.2,41.2,0,29
2,4.6,29.1,0,20
1,0.5,45,1,31
6,11.9,35.9,1,29
6,0.6,31.6,0,22
4,23.2,33.2,0,25
1,10.6,35.7,0,22
5,0.2,44.6,1,34
2,11.3,27.3,1,26
4,8.9,39.1,1,26
6,13,30.2,0,25
3,10.7,26.6,0,22
1,5.3,33.2,0,22
7,15.9,27.1,0,25
5,4.6,32.1,1,29
5,6.6,39.5,0,21
4,1.2,36.5,0,23
8,36.1,31,0,30
4,10.1,25,0,22
2,7.4,30.3,0,20
4,2.4,39.4,0,23
8,23.1,38.1,1,33
5,5.1,43.5,0,26
10,9.9,35.4,0,25
9,0.6,40.9,0,25
8,7.3,33.5,0,24
6,12.3,36.4,0,23
7,4.4,40.4,0,25
8,11.9,33.3,0,22
4,4.8,36.3,0,24
9,0.1,38.7,0,26
6,10.8,34.5,0,24
5,44.1,32.4,0,32
8,1.9,30,0,22
3,9.4,38.7,0,23
1,20.7,33.5,0,22
6,31.5,33.7,0,28
9,29.3,40.6,0,29
10,5.1,40.4,0,26
2,17.9,34.4,0,21
8,7.7,27,0,23
9,4.9,30.5,0,25
2,7,27.1,0,20
7,3.2,41.4,0,24
8,1.9,35.3,0,25
5,1.5,40.4,0,23
9,4.8,32.6,0,26
1,2.2,35.5,0,22
6,3.9,40,0,24
2,2.6,45.2,0,27
9,18.2,32.1,1,29
2,2,31.8,0,20
1,5.4,37.5,1,25
10,3.8,30.6,0,25
9,2,35.7,0,25
6,7.8,33.3,0,25
6,3.8,31,1,29
6,10.6,39.8,0,23
7,1.6,30.6,1,30
9,2.4,31.8,1,31
7,1.9,45.7,1,36
1,1.3,35.2,0,20
4,0.1,28.4,0,20
6,8,26.4,0,23
7,9.8,31.1,0,25
3,14.1,38.8,0,20
8,6.5,32,1,30
6,2.2,35.6,0,25
9,31.8,41.9,1,36
2,31.9,28.2,0,25
5,7.7,34,1,26
7,1.2,40.1,0,24
7,11.5,31.4,0,22
1,14.5,38.3,0,21
7,3,46,0,31
4,21.9,38,0,26
7,4.9,36.8,1,27
3,12.3,32.1,0,23
8,14.1,25,0,23
3,6,27.6,1,25
10,37.8,29.3,0,32
7,1.9,36.3,0,23
8,33.5,44.4,0,34
4,17.3,34.6,0,22
9,1.3,34.9,0,24
3,9.9,35.1,1,27
3,23.3,44.9,0,30
1,23.5,35.7,0,22
6,12.9,34.1,0,24
7,0.6,36.5,0,23
4,34.2,41.5,0,32
2,13.6,29,0,21
10,17.3,27.1,0,26
2,5.3,46,0,30
9,20.1,38.2,0,25
9,32.9,37.5,0,29
6,5.2,35.6,0,23
8,15.6,31.2,0,24
4,2.1,38.6,0,21
6,7.8,36,0,22
1,1.6,44.2,0,26
1,4.7,34.2,0,22
7,19.9,40.9,0,27
7,7.5,30,0,23
1,1,38.1,0,20
5,8.4,32,0,21
2,3.8,29.8,0,20
3,14.3,44.4,0,28
10,0.9,41.5,0,27
2,3,37.5,0,20
1,7.7,36,0,21
3,1.3,34.3,1,26
1,3.2,30,1,25
7,6.4,42.5,0,27
3,4.8,31.7,0,22
6,3.9,38.1,0,22
10,4.9,31.9,0,26
3,17.9,39.5,0,20
1,4.3,31.1,0,20
4,0.4,34.3,0,22
1,8.9,27.7,1,24
5,19.5,32.4,0,24
8,3.3,25,0,24
10,10.1,35.5,0,24
3,13.6,33.6,0,23
10,8.4,25,1,29
10,16.6,33.5,0,25
9,7.2,36.9,0,26
1,6.5,34.6,0,21
3,17.2,44.7,1,33
9,20.3,35.7,0,28
6,2.2,29.2,0,21
2,1.4,39.7,0,23
7,2.7,31.7,0,23
5,14.8,36.3,0,21
2,21.2,44.2,0,30
1,28.9,32.7,0,23
5,6.9,31.2,0,24
4,13.1,32.5,1,26
10,7.5,33,0,24
3,8.5,32,0,22
10,5.6,29.4,0,25
3,33.3,30.9,0,29
3,3.9,38.9,0,23
9,12.5,29.4,0,26
9,0.3,29.2,0,26
6,3.1,33.8,1,27
2,3.7,41.9,0,25
3,31.2,33.7,1,32
8,33.6,29.4,0,28
2,3.7,36.6,0,22
3,11.2,33,0,20
1,20.8,35.2,0,24
4,1.2,25.6,0,24
3,30.2,31.4,0,26
3,0.2,32.6,0,20
9,4.4,36.8,0,25
2,5.6,38.2,0,20
4,3.8,42.2,0,27
1,19,41.1,0,22
7,52.1,28,1,41
9,18.3,36,0,26
1,1.6,37.3,0,20
2,28,35.9,0,25
8,8.3,37.3,0,25
2,13.9,35.9,0,22
9,11.5,37.2,0,23
1,1.4,27.3,0,20
1,1.5,43.2,0,26
7,21.2,35.9,0,24
1,28.4,38,1,28
8,5.6,34.6,0,25
5,4,37.8,0,21
7,6.7,38.2,0,25
3,12.4,31.1,0,22
10,24.1,33.1,0,28
3,1.8,37.6,1,28
8,11,35.4,0,26
6,11.6,38.1,1,30
4,36.3,29.9,0,29
5,10.3,42.9,0,28
10,14.1,36.4,1,30
10,8.6,41.1,0,28
1,11.1,31.5,0,20
7,25.1,35.2,0,27
8,32.9,41.2,1,36
5,1.5,26.4,0,21
6,10.5,44.2,0,31
6,15,33.5,0,23
8,4.6,35.3,1,29
4,3.9,34.1,0,22
1,2.1,30.1,1,24
6,17.5,33.2,0,24
2,0.5,42.8,1,29
9,3.2,34.4,1,28
4,22.6,40.7,0,26
2,11.5,43.1,0,26
6,5.5,36.8,1,26
8,0.6,28.3,0,24
10,12.1,26.9,0,26
5,19.9,40.9,0,25
8,5,38,0,26
8,2.8,42.2,0,28
9,1.7,43.7,0,29
10,0,37.2,1,29
10,8.2,31.7,0,25
10,37.1,36.9,1,37
8,5,36.4,0,25
10,9.2,41.2,0,25
7,15,31.9,0,22
9,6.7,41.8,1,34
2,14.6,33.3,0,22
3,8.1,27.8,0,20
4,6.5,32.4,1,29
8,7.2,27.8,1,27
10,6.2,39,1,31
8,5.2,34.9,0,23
5,5.6,30,0,21
7,14.9,41,0,25
7,31.9,37.7,0,30
8,0.6,35.1,1,31
5,8.6,34.5,0,22
2,9.5,29.9,0,20
7,29.1,27.4,0,30
1,3.1,44,0,25
4,0.8,25,0,22
2,1.9,43,0,24
7,4.3,35.8,0,25
5,5.8,32.1,0,21
2,6.1,43.7,0,26
1,51,26.1,1,35
1,15,42.3,0,23
1,1.7,30.5,1,25
7,18.1,39.9,0,24
7,0.3,35.8,0,22
10,2.9,36,0,24
4,19.7,35.4,0,23
1,2.3,46,1,33
2,5.7,30.6,0,20
6,9.4,32.7,0,24
9,2.3,42.1,0,27
5,2.6,38.5,0,21
5,1.8,40.3,0,24
2,18.4,30.3,0,23
3,10.7,38.8,0,21
10,0.9,30.9,0,23
6,14.3,34.3,0,22
1,1.5,33.3,0,20
1,12.7,35.4,0,21
10,0.8,33.3,0,25
5,2.6,35,0,22
2,3.4,30.6,1,28
2,11.3,31.7,0,20
1,1.9,37.9,0,22
9,1.5,26.7,0,24
4,16.8,41,0,24
2,14.8,37.7,1,26
10,7.4,35.8,0,27
6,1.5,34.3,0,25
1,25.9,30.5,0,23
2,2.3,27.5,0,20
9,1.1,31.6,0,26
5,8.6,25,1,27
3,22.8,42.6,0,29
8,6,44.2,0,31
6,8.9,31,0,24
8,18.7,31.9,0,24
7,4.7,35.3,0,25
1,35.8,39.2,0,28
4,20.9,25,0,25
8,0.4,35.5,0,24
3,8.2,40,0,21
9,4.8,31.3,0,23
1,10.1,36.7,0,20
7,6.2,31.8,0,23
6,1,34.1,1,28
8,11.7,35.5,0,24
8,5.9,29.9,0,26
8,1.2,26.7,1,29
2,1.1,36,0,21
8,24.5,31,0,26
8,4,30.2,0,24
9,1.3,36.9,0,24
9,8.6,28.7,0,23
6,33.4,39.2,0,29
1,0.1,45,0,28
2,6,34.1,0,20
1,19.5,29.6,0,21
7,6.1,35.5,0,23
6,19.6,30.8,0,24
8,6.7,42.9,0,28
2,8.1,35.8,0,21
2,9.5,33.3,0,22
3,7.5,41.2,0,24
8,5.2,29.2,0,24
9,1.9,35.2,0,25
10,9,40.3,0,26
2,10.3,30.6,0,21
9,8.2,37.3,0,24
7,3.5,38.4,0,24
2,6.9,28.9,0,23
9,0.3,37,0,25
1,15.4,33.5,0,21
3,15.6,34.3,0,20
10,10.9,32.2,0,26
7,29.4,35.1,0,27
1,12.3,34.9,0,22
7,1.4,32.3,0,22
5,2.5,36.4,1,29
2,0.9,29.8,0,23
7,7.4,30.2,0,24
3,4.2,39.1,0,21
1,30.9,31.6,0,25
8,6.4,34.7,0,24
8,0.1,39.4,0,26
10,10.1,29.3,0,24
9,0.6,34.3,0,24
8,9.1,29.2,0,25
8,8.8,30.7,0,22
7,26.8,28.6,0,28
6,2.5,30.4,0,23
10,10.7,28.7,0,25
2,0.9,29.1,0,21
3,4.3,33.3,0,23
2,10.7,38.2,1,27
5,8.9,37.4,0,24
1,10.5,28.5,0,20
6,1.1,35.5,0,23
4,9.9,40.6,1,30
8,0.9,32.4,0,23
8,2.3,41,0,25
2,39.2,30.8,0,28
8,15.9,39.2,0,25
2,7.5,25,1,25
4,5.4,35,0,22
7,20.5,30.7,0,25
4,1.9,36.4,0,24
1,8.8,33.2,0,20
10,5.7,36.6,0,26
4,7.1,34.7,0,23
4,9.8,29.2,1,28
5,6.5,33.6,0,21
6,0.4,31.3,0,23
4,38.3,32.5,1,34
9,3,30.9,0,26
1,0.7,40.3,0,22
8,13.8,31,0,23
3,3,25,1,28
9,13.5,35.5,0,24
1,5.3,30.8,0,20
5,21.4,41.5,1,30
4,9,30.6,0,21
1,13.6,37.6,1,27
1,3.5,32.1,0,20
8,15.3,36.4,1,28
2,5.6,36.8,0,20
10,9.1,35.1,0,25
6,9.3,36.5,0,24
7,5.6,32.7,0,22
1,15,36.6,0,22
10,3,30.1,0,24
8,12.6,42.8,0,29
6,11.8,37.2,0,23
4,2.2,31.6,0,23
3,2.2,33.1,0,22
10,1.6,33.6,0,25
9,0.2,33.8,0,23
6,11.8,28.3,1,29
1,1.4,40.7,0,21
5,0.7,36.4,1,28
2,7.5,39.2,0,20
1,1.6,39,1,26
8,3.6,28,0,22
2,11.5,31.1,0,20
2,11.5,35.6,0,22
7,1.5,29.3,0,22
4,9.3,34.6,0,22
3,7.2,33.2,0,21
3,7,36.3,1,27
9,6.8,39.1,0,26
10,4.8,33.8,0,26
10,0,28.7,0,25
2,13.4,32.7,0,21
4,11.8,44.6,0,30
5,9.8,33.3,0,22
6,14.4,41.9,0,25
8,5.2,36.2,0,24
7,12.7,38.5,0,25
3,10.4,34.9,0,20
3,0.1,33.8,0,22
9,17,37.5,0,26
10,9.5,32.6,0,24
7,1.8,30.8,0,24
8,0.5,38.1,0,25
7,23.1,25,0,26
4,6.2,39,0,22
1,8.5,30.9,0,20
9,5.4,28.3,0,25
1,3.5,35,0,21
7,6.7,40.9,0,25
5,2.7,39.5,1,28
10,6.8,41.4,0,25
1,6.1,35.7,0,20
6,21.7,31.9,0,26
4,6.3,37.5,0,23
1,9.1,27.3,0,20
2,8.7,35.4,0,20
5,9.5,40.3,0,22
2,2.4,32.1,0,22
1,14.6,33.8,0,20
7,0.9,33.4,1,29
3,8.8,31.1,0,21
10,1.3,41.7,0,26
10,8.3,29,0,23
6,11.3,35.1,0,23
8,40.4,39.4,0,33
5,12.1,39.2,0,24
2,34,37.3,1,33
6,1.2,31.7,0,23
5,14.6,33.1,0,23
8,7.1,32.1,0,24
1,7.6,32.5,0,22
2,7.3,39.5,0,20
4,4.4,37.1,0,21
4,7.9,35,0,23
4,9.2,35.1,0,22
10,12.8,25.8,0,25
6,1.6,36,1,27
1,26.9,33.3,0,23
8,2.2,31.3,0,25
6,13.3,35.4,0,23
6,0.8,29.7,1,28
7,14.8,37.8,0,25
9,11.2,32.1,0,26
8,3.3,35.8,0,25
8,9.5,37.6,0,24
10,11.8,33.5,1,30
4,8.6,33.8,0,23
7,0.9,25.2,1,28
3,2.6,35.7,0,20
2,9,31.8,1,25
2,2.9,31.5,0,20
6,15,36.6,0,24
1,25.2,40.2,0,24
8,13.1,36.6,0,25
10,1.5,34.1,1,31
3,1.4,26.4,0,22
7,2.4,40.3,0,24
3,0.4,37.3,0,20
6,72.1,35.5,1,44
5,7.8,34.8,0,24
6,17.3,34.4,1,31
2,3.3,43.7,0,27
8,11.3,26.1,0,23
10,3.7,34.9,0,27
1,5.4,35.2,0,22
5,0.9,41.6,0,26
9,10.3,40.5,0,25
9,12.8,32.3,0,26
1,5.7,32.2,1,24
2,6.1,38.2,0,21
6,7.3,44.3,0,29
3,6,40,1,28
3,5.8,34.3,0,23
3,2.7,36.8,0,22
4,27.2,31.6,0,24
6,2.3,42,0,25
7,9.3,29.7,0,23
2,0.2,28.2,0,20
7,9.3,30.2,0,23
5,9.2,36.7,0,24
10,6.8,32.9,0,26
7,1.9,40.9,0,26
7,19,37.5,0,26
6,4.7,33.3,0,25
5,7.3,30.5,0,24
2,8.7,46,0,31
5,2.6,35.4,0,21
10,34.2,37.6,0,31
6,5.9,37.9,0,21
1,7.6,46,0,28
1,0.9,36.9,0,22
1,13.9,40.1,0,22
5,21,37,0,25
3,3.8,31.9,0,20
2,7.4,34.5,0,20
10,3.4,32.5,0,24
6,5.9,31.9,0,24
10,6,33.1,0,25
5,17.3,25,1,29
6,18.5,35.2,1,31
1,5,33.6,0,22
1,5.2,40,0,21
5,3,30.7,0,22
10,33.3,38.9,0,29
8,3.9,29.9,0,23
2,2.1,36.6,1,27
3,5.3,33.5,0,22
1,5,32.5,0,20
7,2.9,25,0,24
9,12.6,37.2,0,25
2,11.3,43.9,0,27
2,0.5,40.2,0,21
5,3.5,36.5,1,28
2,5.4,43.6,1,30
5,13.9,30.3,0,24
4,19.6,28.5,0,23
1,18,40.1,0,23
5,9.9,37.8,0,24
5,10.3,39.2,1,29
2,4.5,30,0,21
2,15.8,28.8,0,21
3,17.5,25,1,27
9,29.7,38.7,0,30
2,15.6,31.1,0,21
2,2.8,42,0,24
7,11,41.4,0,25
9,12,27.7,0,23
5,26.2,33.9,1,32
7,4.8,33.3,0,25
3,8.2,33.8,0,23
10,11.7,30.8,0,25
8,8.4,39.9,0,22
10,24.3,36.1,0,29
10,33.6,26.6,0,32
1,0.9,32.1,0,20
10,13.6,31.5,0,23
2,26,31.9,0,24
2,32.1,41.9,0,30
7,1.1,36,0,22
2,23,31.5,0,22
6,6.4,32.3,0,21
6,2.7,34.8,0,25
1,0.4,39.7,0,22
3,10.3,33,0,21
8,3,39.3,0,24
10,3.8,41.6,0,28
10,7.5,34.8,0,24
2,8.2,34.4,0,20
9,3.6,41.7,0,28
2,17.4,42.2,0,26
6,21,35.2,0,24
9,19.6,31.2,1,32
6,6.3,25,1,27
2,2.3,31,0,23
1,18.9,32.8,0,20
5,7.6,32.5,0,24
2,5.5,27.9,0,21
3,4.9,42.5,0,27
9,0.2,39.8,1,28
8,21.1,40.4,0,28
6,28.1,31.9,0,26
5,5.1,41.9,0,25
1,6.6,34.7,0,20
2,12.2,34.3,0,20
6,0.8,33.9,1,29
6,13.1,40.7,0,23
9,7.5,40.7,0,27
9,1.1,37.2,0,26
8,5.6,41.4,0,26
7,29.2,33.7,0,29
5,12.6,41.4,0,23
5,10.8,40.5,0,24
10,5.5,27.6,0,24
1,10.1,35.7,1,25
4,4,39.4,0,21
1,3.7,28.8,0,20
1,8.5,36.5,0,20
6,15,36.5,0,22
2,9,31.2,0,23
9,30.1,36.6,0,28
7,3.8,46,0,32
1,16.3,34.2,1,25
3,6.3,40.3,0,23
8,16,35.2,0,25
1,9.2,35.8,0,20
5,1.9,46,0,31
1,6.2,36.8,0,21
9,6.7,36.4,0,24
10,1.8,32.4,1,30
8,2.7,26,0,26
1,2,40.8,0,23
10,18.4,32.4,0,26
8,1.8,41.5,0,24
7,0.2,40.9,0,24
6,21.2,29.9,1,31
4,0.5,40.3,0,24
8,35.5,30.2,0,32
1,8.8,33.1,0,20
4,2.7,33,0,23
3,11.4,33.2,1,28
9,26,31.7,0,28
8,1.1,31.5,1,28
4,0.9,32.8,1,28
1,7.3,36.1,0,21
4,0.1,40.6,0,22
2,27.1,34.5,0,25
9,4.4,40,0,24
8,3.1,31.2,0,26
3,0.4,37.3,0,21
6,1.5,42.3,0,26
10,8.1,30.9,0,25
9,15.5,30.9,0,26
2,3.3,36.1,1,26
4,19.5,39.6,0,23
4,18.8,37.6,1,27
1,0.2,34.5,0,20
8,0.3,37.6,0,23
2,9.1,35.4,0,20
4,7.9,31.5,0,21
3,1.5,34.8,0,23
8,2.3,27.2,0,25
3,12.5,36.3,0,22
8,5.7,34.6,0,22
2,12.1,30.4,0,22
8,4.1,39,0,23
8,5.8,33.7,0,25
8,19.5,28.2,0,26
6,4.3,36,0,22
6,15.9,27.9,0,24
2,9.6,34.6,0,21
2,1.7,34.2,0,20
5,1.3,38.1,0,21
6,8.1,30.1,0,23
7,6.4,36,0,22
8,2.4,41.6,0,25
6,9.5,25,0,25
1,6.4,30.1,0,20
6,5,30.6,0,24
6,24.7,32.6,0,27
2,4.4,30.2,0,21
6,3.6,29,1,29
9,3.5,38.9,1,31
10,4.9,25.9,0,25
3,6.1,30.2,1,27
6,1.3,44.5,0,31
9,13.2,39.2,0,25
4,3.5,34.4,1,26
3,2.6,26.4,0,20
5,5.1,35.6,0,21
8,6.9,37.8,1,29
1,2.1,41.2,0,23
9,7.6,39.2,0,23
10,2.9,32.9,0,26
2,21.9,26,0,22
5,19.7,39.5,0,22
5,15.5,32.6,0,23
7,18.9,36.6,0,24
2,1.8,36,0,22
10,0.6,33,1,29
1,1.8,30.7,1,27
9,0.7,33.2,0,24
6,5.8,31.1,0,25
5,4.2,33.5,0,23
7,2,40,0,23
8,5,38.4,0,23
3,18,31.1,0,23
2,15.4,36.9,0,22
4,31.6,35,1,31
5,6,33.2,0,23
7,7.5,41.7,0,28
3,36.9,41.5,0,30
5,3,37.4,0,23
3,8.2,40.5,0,22
7,3,36,0,22
5,30.7,35,0,27
3,10.2,30.4,0,21
2,1.1,36.7,0,22
4,6.2,40.8,0,22
7,15.1,38.3,0,24
6,8.4,29.5,0,23
2,34.8,30.8,0,27
5,0.2,34.5,0,21
2,8.2,39.1,0,20
7,13.6,43.5,0,28
1,4,38.7,0,20
3,16.4,31.1,0,21
5,1.4,39.2,0,21
5,3.2,33.9,1,29
4,4.8,46,0,31
6,14.8,32.8,1,29
7,7.8,40.7,0,26
8,12.9,38.9,0,22
3,5.2,36.2,0,21
6,27.9,30,0,28
4,28.2,32.1,0,27
6,12.1,29.8,1,29
8,1,39.1,0,24
9,0.9,25,0,25
6,22.4,36.5,0,25
10,4.8,32.3,0,27
1,2.2,33.8,0,20
9,5,39.7,1,30
10,7.7,37.5,1,29
8,14.1,39.1,0,22
2,23.8,35.2,0,24
2,19.9,33.4,0,24
5,11.3,35.3,1,29
5,0.7,25,1,28
7,0.3,38,0,25
6,1.9,31.5,0,24
7,0.5,25.4,0,24
6,4.3,35.4,1,28
2,2.2,35.4,0,20
3,11.2,31,0,23
3,6.7,41.5,0,23
3,20.2,35,0,23
10,2.4,36.4,0,23
7,5.5,32,0,22
8,3.1,32.7,0,24
9,3.7,41.6,0,26
10,1.1,38,0,25
8,21,36.4,0,24
2,13.9,37.3,0,23
5,7.6,30.3,1,26
6,7.2,26.6,0,24
2,10.6,26.6,0,20
4,50.7,44.2,0,40
9,8.5,38,0,25
4,8,31.1,0,23
7,8.3,29.6,0,22
3,0.6,33.6,0,21
7,9.1,40.8,0,23
9,8.4,40.9,0,27
5,6.1,33.9,1,27
5,30.4,35.7,0,28
2,12.7,38.4,1,26
4,6.9,36.4,0,23
10,6.3,34.1,0,26
6,0.2,32.1,0,22
7,23,27.8,0,27
5,2.9,40.1,0,23
3,2.6,32.6,0,23
1,5.1,43.3,0,26
10,5.6,33.3,0,23
8,6.8,36.3,1,30
4,7.2,34.4,0,23
9,1.4,35.1,0,24
10,26.3,31.4,0,30
7,3.4,37.1,0,24
3,1.8,38.3,1,26
9,20.1,36.4,0,26
7,5.7,46,1,36
2,0.6,37.2,0,23
8,16.9,25.3,0,26
6,48.5,35.7,0,33
8,2,27.5,0,23
10,8.1,40.7,0,27
6,12.2,38.4,0,24
4,14.8,45.2,0,30
8,44.9,26,0,33
8,0.8,38.5,1,31
4,49.3,35.6,0,31
10,1.3,31.7,0,24
9,21.8,34.6,0,26
9,17.1,34.7,0,27
1,52.3,31.1,0,32
3,13.6,30.5,0,22
7,4.9,33.8,0,22
10,20.1,34.6,0,26
4,6.4,31.5,0,22
7,2.2,29.3,0,23
8,2.6,35.4,0,23
10,0.8,38.4,0,24
6,15,36,0,24
1,9.3,31.8,0,21
9,8.2,27.9,0,26
5,7.7,39.5,0,21
10,2.2,29.4,0,27
8,15.8,29,0,25
10,4.7,34.5,0,27
8,8.4,32.5,0,25
8,2.6,37,1,29
2,55.9,29.5,0,34
8,15.7,37,0,25
6,23.8,45.1,0,32
5,0.7,36.8,0,24
8,3.1,37,0,23
1,14.4,40.3,1,24
10,7.6,38.5,0,25
6,37.3,35.4,1,35
3,16.3,35.6,0,21
7,17.5,28.9,0,24
8,25.6,34.3,0,26
3,0.9,36.2,0,21
2,9.8,25,0,22
2,6.2,35.4,0,20
2,6.7,32.9,0,21
10,0.8,34.3,0,26
6,0.7,34.3,0,22
10,12.6,25.3,0,26
4,18,33.9,0,23
9,25.9,34.7,0,26
8,12.5,37.4,0,25
8,9.3,37.9,0,24
7,9.9,35.6,0,24
7,10,39.3,1,30
8,9.5,41.1,0,24
10,8.5,40.6,0,26
9,1.1,28.2,0,23
1,9.4,25.3,0,20
1,18.3,30.5,0,20
7,17.8,36.2,0,26
1,27.6,43.3,0,27
3,7.9,34.6,0,23
8,2.6,36.6,0,25
8,17.1,33.9,0,23
4,10.3,36.1,0,23
8,8,39.5,0,22
3,3.6,40.3,0,21
10,1.6,37.7,1,29
2,2.8,39.6,0,20
8,2.2,32.3,0,25
2,23.6,37,0,24
1,7.1,37,0,20
7,22.9,34.8,1,30
8,12.5,34.6,1,31
5,15.3,36,0,24
9,4.1,29.4,1,29
6,3.4,29.7,1,27
7,31.4,43.4,1,39
1,5.4,33.9,0,20
3,6,40.9,0,22
9,2.3,44.1,0,30
2,2.4,40,1,26
8,4,38.7,1,28
6,10.4,32.5,0,24
4,5.3,30.6,0,23
6,11.7,25.2,1,26
6,5.2,30.6,0,23
5,4.5,44.9,0,31
7,1,25,0,24
7,4.7,42.1,0,27
3,0.9,37.5,0,21
2,13.8,41.3,0,25
5,20.8,30.8,0,25
5,16.8,37.8,0,21
1,13.1,35.2,0,20
7,2.6,31.5,0,24
9,5.3,25,0,26
7,4.3,43.1,0,28
9,22.6,31.9,1,33
9,1.6,36.6,0,26
3,4.4,31.3,0,21
4,15.5,25,0,23
7,3,34.4,0,22
10,8.1,37.5,0,25
6,4.5,38.3,0,23
5,2.2,37.8,0,22
5,7.4,35.7,1,27
5,6.3,37.2,1,27
8,56,39.4,0,37
8,4.8,25,0,26
4,0.2,40.3,0,22
9,2.4,32.6,0,24
7,40.4,30.3,0,30
10,0.1,37.5,0,25
2,19,40.4,1,26
8,14.2,32.4,0,25
9,7.3,38.5,0,26
8,40.2,30.7,0,33
4,3.2,34.6,0,23
1,5.1,28.8,0,21
3,2.1,32.1,0,20
8,6.4,37.5,0,25
7,3.8,29.3,0,25
5,10.4,33.3,0,23
10,14.2,39.4,0,24
4,20.3,39.5,0,24
1,5.8,34.3,1,27
3,3.6,28.4,0,21
1,8.2,34.6,0,20
6,9.6,42.5,0,25
3,6.3,31,0,21
10,23.9,33,0,26
7,1.9,27.5,0,22
8,27.4,33.2,0,29
2,2.8,31.4,0,21
8,0.2,25,1,27
4,15,28.1,0,20
2,2.2,46,1,34
5,14.8,35.9,0,22
10,9.5,26.7,0,27
9,7.8,27.1,0,23
10,18.7,28.2,0,25
2,15.5,38.2,1,25
2,28.4,31.1,0,24
5,6.4,32.8,0,21
7,8.8,30.9,1,29
3,2,36.1,0,22
1,10.1,42.9,0,26
10,1.4,31.7,0,26
8,3.1,32.4,0,22
5,3.9,36.6,0,22
4,4.8,35.9,1,26
7,14.5,32.4,0,22
1,11.8,30.1,0,22
5,0.2,36.4,0,23
3,2.4,32.4,0,21
8,8.8,31.1,0,25
6,12.3,37.2,1,30
7,5.7,32.5,0,23
5,3,34.8,0,21
6,16.4,33.5,0,24
4,2.5,32.8,0,20
7,1.4,31.3,0,24
4,0.9,44.6,1,33
4,10.7,25,0,21
8,14.6,35.1,0,25
8,2.7,35.7,0,24
1,4.7,33.8,0,20
2,10.4,37.8,0,22
8,1.6,29.8,0,26
9,17.5,32.3,0,27
6,0.4,34.6,0,23
7,27.1,32.2,0,26
2,1.7,33.2,0,22
4,55.1,36.7,0,34
4,15.2,39.3,0,22
9,10.2,39.7,0,23
10,0.1,39.8,0,24
6,22.2,33.8,0,25
10,2.6,39,0,27
2,5.4,34.5,1,25
2,6,34,0,21
4,7.9,32.3,0,21
3,11.8,31.7,1,25
9,4,37,0,26
9,12,30.2,0,24
10,25.2,33.1,0,28
10,23.3,32,0,27
4,8.7,32.2,1,28
4,2.7,33.2,0,20
3,12.3,35.2,0,23
1,10.6,25,0,20
8,18.3,38.5,1,31
6,14.6,38.3,0,23
2,7.3,37.8,0,20
7,4.3,32,1,27
7,6.7,40.3,0,23
5,6.4,33.5,0,24
10,4.6,29.6,0,27
9,12.5,43.7,0,31
2,0.9,28.2,0,22
3,8.3,33.1,0,20
8,21.3,29.4,0,25
9,2.1,37.3,0,23
6,8.2,33.9,0,24
8,6.3,43.9,0,31
4,1.3,45,0,29
5,23.7,38.2,1,29
7,23.7,34.7,0,27
4,13.7,35.4,0,21
9,16.8,28.6,0,24
6,20.7,30.2,0,26
1,3.2,37.7,0,20
3,26.5,46,1,38
1,5.9,34.8,0,21
8,9.1,27.5,0,22
6,18.4,33,0,22
8,33.9,30.2,0,31
1,12,28.4,0,20
6,7.1,40.1,0,24
6,3.4,43.2,0,29
10,5.1,34,0,27
2,11,31.9,0,20
3,10,34.9,0,20
9,4.8,28.1,1,31
10,8.7,28.2,0,23
4,5.6,33.5,1,27
3,16,29.3,0,21
8,1.5,31.9,0,26
6,2.4,27,0,24
2,4.2,37.8,0,22
10,2.7,25.2,0,25
9,6.7,27,0,25
9,9.3,46,0,35
6,7.1,29.8,0,23
5,23.7,27.6,0,25
9,6.7,35,0,26
9,2.4,32.8,0,24
7,7.5,36.7,0,22
9,32.1,28.4,0,28
5,24.4,27.6,0,25
9,3.3,37.5,1,28
5,3.9,42.5,0,28
6,8.7,32.5,0,22
4,15.2,29.4,0,21
6,25.7,30.8,0,28
9,2.8,26.2,0,25
10,1.6,33.7,0,23
6,3.1,37.6,0,23
8,1.9,31.7,0,26
10,24.1,39,0,27
1,17.8,30.5,0,20
7,13.1,30.6,0,23
1,2.5,31,0,20
10,8.3,36.1,0,24
2,5.1,33.6,0,20
10,19.9,32.7,0,26
5,13.9,32.6,0,23
10,0.9,28.9,0,26
8,7.9,31.8,0,22
1,23,33.3,0,22
9,4.9,34.8,0,25
1,8.6,25,1,25
5,13.5,35.8,0,22
9,2.6,30.4,0,25
8,5.7,34.6,0,25
5,26,30.2,0,28
8,4.6,42.7,0,26
9,4.8,37.1,0,25
6,25.3,38.1,0,26
3,2.2,25.7,0,22
2,23,39.1,0,24
2,1.9,38.9,0,20
9,32.1,36.5,0,30
1,0.8,34.8,0,21
8,22,30.1,1,29
7,0.2,37.5,0,22
4,0,33.7,0,22
3,14.2,46,0,29
7,2.7,30.1,0,24
2,3.4,31.8,0,22
1,8.9,25,0,20
8,5.4,34.2,0,24
5,1,33.7,0,23
1,5.9,31.7,0,21
3,17,25.4,0,22
1,0.9,36.8,0,20
7,4.7,27.3,0,24
3,26.4,36,1,29
8,5.4,41.5,0,25
1,9.8,46,0,29
7,23.2,34.8,0,27
4,6.6,32.4,0,21
2,8.9,37.5,0,20
7,18.9,31.9,0,25
10,1.7,30.6,0,26
2,0.1,37.4,0,21
7,5.3,34,0,23
9,0.3,28.6,0,26
1,15.7,34.6,0,22
4,6.3,36,1,28
4,0.7,33.2,0,22
10,23.3,35.7,0,28
6,27.9,39.9,0,28
2,46,28.5,0,30
4,4,36.4,0,23
5,13.1,25.4,0,24
9,4.3,31.8,0,23
4,1.3,35.8,0,21
4,2.3,41,0,25
6,16.7,40.3,0,22
9,0.4,39.6,0,25
8,2.9,40.3,0,23
9,5.6,38.5,0,25
2,4.8,35.8,1,24
2,9,26.3,0,22
4,6.3,31,0,23
1,1.3,27.9,1,27
2,7.6,42.4,0,23
10,8.5,30.1,0,23
1,16.9,33.9,1,27
8,23.3,35.1,0,28
9,6.1,33.8,1,30
2,13.9,38.1,0,21
6,12.9,38.7,1,27
4,5,32.5,0,23
3,24.1,37.4,0,23
1,13.1,32.4,1,26
1,6.5,31.9,0,20
2,15.2,41.4,0,22
10,0.3,33.9,0,23
7,13.8,39.9,0,22
7,13.3,25,0,22
9,2.4,31.1,0,26
4,34.3,25.9,0,28
8,11.3,34.3,0,24
4,2.4,34.2,0,24
9,6.4,37.9,0,25
5,7.4,26.2,0,23
7,27,34.3,0,28
5,9.6,33,0,23
8,18.7,34.3,1,31
10,10.3,34.8,1,30
9,24.3,36.2,0,26
2,1.7,30.9,0,20
3,18.5,28,0,23
6,4,43.1,0,28
7,26.9,38.6,0,29
4,5.1,35.4,0,23
7,5.2,36.8,1,29
10,18.4,34.5,0,26
3,1.6,34.8,0,23
3,5,29.1,0,21
10,9.9,36.6,0,23
3,7.8,30.9,0,21
9,4,30.6,1,30
10,12.9,32,1,28
10,34.9,34.9,1,37
7,6.4,32.8,0,23
9,1.3,34.1,0,24
2,0.1,27.8,1,27
3,9.4,31.4,0,22
8,9.1,37,1,31
2,8,29.3,0,21
5,3,40,1,27
1,11.4,38.8,0,20
5,1.1,42.8,0,26
2,13.5,31.4,0,20
4,0.3,30.7,0,24
1,11.7,30.6,1,24
8,0.8,31.3,0,24
6,7.3,34.1,0,22
8,3.1,36.2,1,30
6,9.9,25.8,0,25
10,3.9,29.6,0,26
5,2.4,29.9,0,23
2,10.4,34.4,0,20
4,1.1,32,0,22
10,48.5,35.8,0,36
9,16.9,39.4,0,26
9,7.9,33.7,0,23
10,12.1,31,0,25
7,10.9,43.8,0,29
3,7.1,36.4,0,23
10,12,34.1,1,30
8,6,39.8,0,25
9,5.9,26.8,0,23
1,56.6,39.3,0,33
5,10.4,35.1,0,21
2,15.5,40.1,0,22
7,10,36.9,0,24
4,1.8,32.7,0,24
2,7,31.4,0,23
1,5,34.8,0,21
4,2.3,38.4,0,23
1,1.1,31.8,0,21
8,8.1,32.6,0,24
7,13.4,30,0,24
8,14.9,38.6,0,24
4,3.9,32.7,0,20
9,4.3,35.5,0,25
4,1.9,37.7,0,21
4,11.3,32.5,0,24
4,11.6,25.6,0,20
6,12.1,29.1,1,27
2,2.3,36.3,0,21
9,0.8,34.5,0,23
2,9.5,40.5,0,21
4,18,31.9,0,25
2,11.2,36.1,0,21
4,1.9,35.7,1,27
10,6.6,39,0,25
6,2.1,27.7,0,23
2,11.3,41.1,0,24
1,0.7,32.4,1,24
7,10.2,34.2,1,29
4,1.6,35.9,0,21
6,4.5,33.8,0,23
5,8.4,38.1,1,29
1,5,36.9,0,20
3,7.3,40.3,0,21
10,5,38,0,24
1,3.3,33.3,0,20
9,7.3,40.7,0,26
7,8.8,36.7,1,27
1,12.3,37.2,0,21
10,7.2,34.7,0,23
4,1.5,37.6,1,28
7,2.2,28.4,0,24
10,13.1,31.2,1,30
8,19,35.5,0,27
4,7.4,40.9,0,22
5,1.3,40.5,1,30
8,0.3,29.5,0,25
9,18.2,43.6,0,30
8,2.1,39.8,0,25
1,12.4,38.8,0,20
10,6.6,39.6,0,26
8,3.6,28.7,0,23
6,3.8,39.9,1,26
10,10.2,38.2,0,25
6,0,32.4,0,24
6,13.6,32.9,0,22
5,14.3,35.8,0,22
3,4.1,36.7,0,21
10,26.4,36.9,0,28
1,15.9,30.2,0,20
5,6.8,38.2,0,24
9,2.5,34.7,0,24
10,0.8,39.4,0,24
10,2.6,36.3,0,26
3,6.4,44.1,0,27
2,4.5,41.3,0,21
2,0.5,30.8,0,20
6,2.6,46,0,33
6,1.3,41.8,0,25
4,6.6,34.7,0,24
5,8.8,37.8,0,23
6,11.3,34.4,1,26
6,7,30,1,28
10,1.4,32.9,0,26
3,11.2,35.5,0,23
3,21,26.1,0,24
10,3.6,40,0,27
8,2,38.3,0,25
8,19.2,29.9,0,26
5,33.5,32,0,30
9,7.5,29.4,0,23
1,6.9,30.9,0,21
7,0.2,31.5,0,23
9,9,40.8,1,30
4,24.9,25,0,25
8,4.6,43.7,0,28
2,1.7,39.6,0,21
6,23.4,32.3,0,24
4,26.9,31,0,26
1,6.8,42.2,0,25
10,22.6,36.2,1,31
4,2.1,36.9,0,24
7,1.4,35.7,0,22
8,4.1,30.7,0,25
9,0,45.7,0,32
8,0.9,46,0,33
5,36.2,29.7,0,30
9,11.2,34.7,0,25
9,15.8,44.2,1,35
7,25.1,41.6,0,31
2,1.9,31.8,1,24
1,7.5,37.3,0,22
1,2.4,36.3,1,27
10,1.1,38.3,0,25
6,15.4,35.8,0,22
2,16.8,33.2,1,26
2,14.3,39.9,0,21
9,33.1,46,1,44
8,4.1,31.7,0,25
5,2.2,34,0,22
7,13.2,35.6,0,24
1,2,34.2,0,20
9,0.8,41.9,0,26
10,3.6,25,0,26
3,1.7,35.6,0,20
9,12.8,42.4,1,34
1,0,35.9,0,20
3,7.6,36.6,0,20
1,0.4,37,1,25
8,11.3,31,0,23
7,21.3,35.8,0,26
5,5.2,25,0,22
1,15.1,39,0,20
2,10,37.8,0,23
10,9,35.5,0,26
7,11.3,27.6,0,25
3,6.9,36.1,0,20
4,35.9,35.9,0,27
4,2.4,33.1,0,22
4,0.4,27.2,1,28
8,6,35.9,0,24
1,3,41,0,23
3,5.7,32.5,0,22
5,0.4,34.8,0,23
2,24.7,36.7,0,24
5,3.2,34.3,1,27
1,10.2,35.1,0,20
10,24,37,0,29
6,0.4,39.7,0,22
10,9.2,34.3,0,26
1,7.6,41.2,0,22
5,15.2,32.3,0,21
3,7.1,25,0,21
4,2.2,34.8,0,22
2,8,33.6,0,20
8,1.7,35.8,0,23
6,11.9,32.7,0,24
6,4,35.6,0,24
5,0.7,28.3,0,22
5,2.7,32.8,1,28
1,30.8,39.1,1,29
1,7.8,32.3,0,22
10,1.8,36.8,0,23
6,17.1,30.1,1,29
1,18.5,37,0,21
2,2.4,31.2,0,21
6,11.4,37.9,0,25
7,1.6,27,0,23
7,12.9,33.7,0,25
3,6.5,30.7,0,20
6,19.6,30.4,1,30
10,1.2,35.5,1,30
8,2.8,33.5,0,25
1,13.2,45.4,0,28
1,9,30.5,0,20
1,13.1,43,0,24
3,13.7,37,0,20
7,2.3,32.7,0,25
10,20.6,37.6,0,28
2,3.2,25,0,21
2,1.3,40.3,0,21
5,10.8,31.1,0,23
10,32.3,26.3,0,29
7,12,29.7,0,25
2,1.3,36.9,0,20
8,0.4,44.9,0,33
5,4.9,38.4,0,23
2,10.7,37.3,0,20
4,2,28.2,0,20
5,2.1,25.3,0,21
6,3.7,33.9,0,21
5,2,36.3,0,21
1,25.7,37.9,0,25
2,28.3,34.9,0,25
3,32.6,33.5,0,26
5,8.9,38,0,21
1,8.1,32.7,1,24
5,0.7,27.8,0,24
6,18,40.3,0,24
8,9.3,43.5,0,30
8,9.8,35.5,0,25
5,3.8,36.4,1,29
6,17,33.9,0,24
2,1.4,35.4,0,21
3,6.4,39.9,0,22
10,20.5,29.4,1,33
5,14.4,34.4,0,24
9,3.6,33.5,0,24
3,16.9,39.8,0,20
2,10.6,40.8,1,28
3,12.1,33.6,0,23
8,11.4,42,1,31
8,3.7,39.6,0,24
4,3.6,38.1,1,27
1,0.7,30.6,0,20
2,7.9,35.3,0,21
8,15.1,36.2,0,23
10,2,33.6,0,25
8,1.5,34.5,0,23
7,7.5,31.8,0,25
1,14,42.5,1,31
3,6.3,31.2,0,20
3,3.3,30,0,23
9,6.6,29,0,26
9,6.2,31.7,0,25
4,16.8,40.5,0,22
7,12.1,31,0,23
7,6.4,36.9,0,24
9,1.8,38.2,0,24
1,10.1,32.7,0,21
3,2.8,32.6,1,27
9,16.5,36.5,0,23
10,53,41.7,0,40
1,7.4,37.4,1,25
2,0.7,31.9,0,22
4,46.9,26.3,1,38
9,6.8,37.7,0,23
6,4.5,35,1,27
9,35.8,36.7,0,32
7,28.9,40.8,0,30
2,13.1,35.3,1,27
9,11.6,38.1,0,25
9,3.7,31.8,0,24
2,20.5,43.6,0,30
10,39.6,36.5,0,33
3,5.9,40.6,0,24
7,12.9,38.7,0,24
2,27.5,32.3,0,23
5,0.8,31.7,0,24
1,6,30,0,21
4,12.8,37.8,0,23
9,11,33.4,1,31
9,8.4,34.3,0,24
9,12.6,38.5,0,25
1,1,32.3,0,20
1,10.5,38.5,0,20
7,9.2,26.6,0,25
3,2.4,39.7,0,22
3,50.2,38.6,0,30
6,1.4,40.7,0,26
10,2.3,36.1,0,26
8,10.8,37.7,0,23
6,6.7,34,0,23
7,32.4,37,0,28
1,15,31.6,0,20
1,3.8,26.8,0,21
2,17,43,0,25
4,1.9,43.1,0,26
3,6,25.6,0,22
2,3.9,39.3,1,27
5,7.1,37,0,23
4,1.7,27.9,0,23
6,10.9,39.5,0,25
4,18.3,41.1,0,23
5,3.4,37.9,1,26
6,19.4,29.5,0,25
9,6.6,44.6,0,33
3,12.4,29.7,0,21
9,11.8,28.9,0,24
9,5.6,31.9,0,23
2,0.2,34.3,0,20
9,3.6,38.6,1,29
1,3.1,38.2,0,21
7,15.4,31,0,25
2,14.2,36.6,0,23
2,27.5,41.1,0,25
4,2.8,38.1,0,23
4,1.5,44.1,0,29
8,3.1,32,1,29
8,1.3,31.5,1,29
5,6.5,28.2,0,24
2,8.4,38.4,0,21
9,3.4,46,0,32
2,12.7,29.4,0,20
1,3.7,38.2,0,21
3,31,34.8,0,28
2,22.1,32,0,21
6,7,33.5,0,22
2,42.6,32.9,0,28
8,15.2,29,0,23
8,12.3,33.2,1,30
5,6.9,35,0,24
2,4.9,38.5,1,27
9,11.6,30.9,0,26
6,5.2,44.2,0,30
5,7.4,32.3,0,23
9,19.6,33.4,0,25
2,5.4,37.6,1,24
8,23.7,36.6,0,25
7,7.4,35,1,29
7,9.7,40.1,0,26
2,8.3,35.9,0,20
5,2.6,46,0,31
4,3.9,36.4,0,23
2,1.3,32.6,0,22
7,6.6,29.8,0,24
6,4.7,41.1,0,25
3,1.3,38.7,0,23
5,3.3,39.2,0,22
8,30.8,26.2,0,27
7,4.1,33.6,0,22
9,6.7,28.5,0,24
5,16.3,39.7,0,22
6,5.9,35.3,0,22
9,1.4,37.9,0,23
2,0.1,36.9,0,20
8,1.4,41.4,0,24
3,3.2,31.3,0,20
9,10.3,30.3,0,25
4,5,32.9,0,22
2,5.2,35.6,1,26
6,3.6,43.3,0,30
1,2.1,31.2,0,20
10,1.6,34.5,0,23
4,7,37,0,23
1,4.6,45.2,0,30
10,31,32.4,0,29
4,5.4,37.2,0,22
2,5.8,41.6,0,25
9,9.9,36.9,0,23
2,4.8,35.5,1,27
8,4.6,33.2,0,23
8,0.6,43.3,0,27
1,24.8,35.2,0,24
4,3.4,34.2,0,20
3,2,31.1,1,28
1,11.4,45.2,0,29
9,8.2,38.9,0,26
1,16.7,35.4,1,27
1,4.4,28.8,0,21
3,12.2,33,0,22
10,8.9,30.5,0,26
9,25.2,45.1,0,35
6,10.7,29.9,0,22
5,25,33,0,26
7,8.5,37.5,0,25
3,6,29.4,0,22
7,5.1,31.1,0,22
1,1,45.6,1,32
5,2.8,43.5,0,28
8,5,28.8,0,26
1,9.5,41.2,0,22
8,24.4,32.6,0,27
9,4.5,34.3,0,26
2,10.8,35.2,0,21
9,4.2,36.4,0,26
7,5.5,39.3,0,23
8,21.4,38.3,0,25
3,6.9,30.6,0,20
9,3.5,46,0,32
2,7.8,37.2,0,23
9,3.7,31.6,0,23
1,24.3,25.3,0,23
1,0.6,31.1,0,20
6,2.5,34.4,0,24
9,4.3,26.2,0,23
2,8,34.7,0,20
1,11.9,37.5,0,21
1,6.3,43.1,0,26
3,32.7,40.2,0,28
4,0.5,36.9,1,28
10,7.8,27,0,23
10,0.7,30.3,0,27
6,12.7,35.6,0,25
3,0.8,40.1,0,20
5,0.2,34.2,0,24
6,1.3,30.3,0,22
6,0.7,42.3,0,26
10,14.5,38.4,0,23
3,4.1,32,0,20
1,12.8,27.3,1,26
1,3.1,34.1,0,22
9,0.5,32.3,0,25
5,3.1,35.5,0,23
7,7.1,42.3,0,27
7,13.7,37.7,0,24
7,33.7,42.1,0,32
10,6.5,40.3,1,29
1,13.4,35.6,0,20
2,11.3,40.8,0,24
4,82,31.5,0,42
2,0.7,33.5,0,20
6,0,27,1,29
9,7.4,42.4,0,29
6,3.2,38,0,21
10,11.1,36.6,1,31
7,2.4,34.3,0,25
3,6.3,36,0,23
6,34.8,40.2,1,35
1,15.3,37.7,0,22
3,6.1,28.4,0,20
4,6.6,34.5,0,20
4,0.1,29.7,0,23
5,13.6,26.9,0,22
7,15.7,37.5,0,23
9,12.1,42.9,0,27
8,2.4,33.7,0,25
7,20.3,37.9,1,31
9,4.9,41.5,0,26
10,14.1,29.9,0,23
1,13.5,29.4,0,22
9,7.6,37.7,0,25
2,18.7,30.1,0,23
10,33.3,38.7,0,32
10,22.6,34.5,0,28
4,9.7,34.4,0,24
2,13.9,36.8,0,20
4,5.9,30.6,0,21
1,20.2,27,0,23
3,4.3,41,0,22
1,17,28.6,0,20
10,3.7,30.6,0,23
8,6.5,25.1,1,31
9,2.7,35,0,25
7,0.3,41.5,0,24
5,2.5,41.9,0,25
1,11.4,39.3,1,25
1,8.3,33.5,0,22
4,19.9,40,1,27
7,4.1,34.8,0,23
2,3.7,35.4,0,22
3,8.3,32.1,0,23
9,10,32.7,1,31
5,14.3,39,1,28
1,54.8,34.2,0,31
8,0.3,28.9,0,23
10,14.5,38.3,1,29
3,9.5,29.7,0,20
10,5.3,45.5,0,33
10,1,32.1,0,26
4,20.6,32.9,0,24
5,19.5,35,0,25
3,2.6,25,0,22
5,18.4,34.4,0,22
9,0.4,36.1,0,26
6,1.8,32.4,0,25
6,34,36.5,1,33
5,15.5,36.6,0,24
2,19.1,31.4,1,27
1,0.9,43,0,27
7,11.2,36.1,0,25
1,13.1,35.2,0,21
9,0.2,28.1,0,24
4,0.4,33.8,0,23
10,0.4,36.3,0,25
9,14.4,30.7,0,24
10,5.2,40.2,0,26
7,41.7,37.2,0,33
5,5.3,33.8,0,21
9,24.6,35.1,0,27
7,3.1,25,0,23
1,8.4,36.6,0,20
8,2.4,34,0,23
5,3,30,0,24
10,1.9,34.4,0,24
2,11.5,31.9,0,22
10,10.7,36.4,0,26
3,4.5,30.5,0,22
6,17.7,35.4,0,23
8,6.6,40.6,0,25
10,0.1,38.5,0,25
6,42.7,42.4,0,36
4,16.1,31.1,0,22
2,2.2,28.8,0,21
9,9,35.9,0,25
9,4,42.2,0,26
2,6.3,29.2,0,21
4,38.9,43,0,34
1,1.6,30.1,0,20
6,12.6,34.3,0,22
3,2.4,36.4,0,21
1,0.9,35.4,0,20
7,0.7,34.4,0,22
4,11.3,41.7,0,25
4,11.6,34.6,0,21
8,25.4,40.1,0,29
4,5.4,32.8,0,23
3,0.5,39.5,0,22
4,29.6,35.6,0,26
8,12.3,35.6,0,23
10,7.3,41.1,0,25
2,7.9,34.4,0,21
3,1,40,0,22
10,17.1,37.1,0,26
3,5.8,32.7,0,20
2,6.3,33.5,0,20
9,17.5,26.3,0,26
2,0.6,32.3,0,20
8,12.6,33.5,0,25
6,9.8,32.2,0,25
1,12.9,25,0,20
1,8.8,32.9,0,22
4,15.9,33.4,0,23
1,6.6,45.5,0,27
5,12.3,34.8,1,28
4,1.5,33.5,0,21
7,9.4,25,0,23
1,4,37.3,0,21
4,8.4,36.4,0,20
1,6.5,37.8,1,25
2,0.9,25.3,0,20
7,12.6,46,1,38
5,9.7,46,0,33
1,10.6,27,0,20
3,6,34.8,0,20
3,12.2,33.7,0,21
9,1.8,31.7,0,23
10,4.5,37,0,25
3,12,37.9,0,21
7,4.2,30.5,0,22
7,3.1,37.3,0,23
4,5.4,29.4,0,23
4,10.7,35.8,0,23
3,3,34.1,1,25
3,0.3,35.3,0,23
7,12.2,34,0,25
6,0.3,34.4,0,24
3,4.6,34.7,1,26
9,37.8,36.2,1,35
6,2.2,39.3,0,22
4,10.5,39.6,1,28
5,1.4,35.9,0,21
6,16.9,32.5,0,24
5,1.8,37.3,0,23
7,14.6,46,0,32
8,5.5,25,0,24
1,6.8,30,0,22
6,0.1,37.2,0,22
4,2.6,31.3,1,25
6,20.1,30.4,0,23
6,4.9,38.4,0,23
10,8.3,42.1,0,28
1,5.8,38.1,1,26
7,2.5,34.1,0,24
7,1.3,40.8,0,24
5,5.5,29,0,24
4,8.7,28.7,0,23
7,7.8,36.1,0,22
9,9.5,30.1,0,23
1,3,31.9,1,27
3,8.8,34.7,0,23
9,9.1,37.1,0,26
8,1.8,30.6,0,23
2,7.8,33.5,0,21
9,8.1,25,0,25
1,11.8,33.7,0,20
10,6.8,39.7,0,23
10,2.7,28.4,0,26
2,15.4,37.5,0,20
3,2,29.9,0,22
4,7.5,40,0,22
5,8,34,0,23
9,7.7,45.3,0,31
9,47.8,32.6,1,41
7,1.4,33.1,0,24
7,13.4,37.7,0,23
8,14.7,37.7,0,24
9,11,34.9,0,25
6,10,39.9,0,23
2,2.8,40.6,0,23
8,18.8,33.7,0,25
1,3.7,33.9,0,22
5,2.8,31,0,22
8,11.1,37.9,0,25
8,10,31,0,23
5,0.7,37.6,1,27
3,14.2,30.9,1,26
7,6.6,32.1,0,23
7,15.3,34.7,1,27
8,0.2,31.9,0,25
7,2.2,35.7,0,22
9,10.1,34.9,0,24
5,2.3,31.9,0,24
6,2.7,31.8,1,28
3,7.9,36.1,0,23
2,24.1,27.5,1,30
5,12.2,33.7,0,22
8,42.2,32.9,0,33
1,73.8,35.3,0,36
2,19,35.7,1,28
6,13,36.7,0,22
6,20.7,31,0,25
2,5.3,29.8,0,21
9,8.6,38,0,24
3,10.1,32.5,0,20
5,22.5,34.6,0,24
5,12.5,46,0,32
7,8.1,41.7,0,27
2,16.9,34.5,0,23
10,10.8,32.9,1,29
4,8.5,26,1,27
4,28.3,36.1,0,25
8,0.2,30.5,0,24
10,28.1,35.6,0,28
4,10.6,35,1,28
1,4.9,31.2,0,21
8,16.4,35.1,0,26
3,1.6,31.1,0,21
1,3.8,35.5,0,21
4,2.1,38.9,0,21
9,22.8,38.9,0,28
9,24.8,27.5,0,28
5,5,32.8,0,22
6,7.9,30.5,0,24
10,11.9,37.7,1,32
7,7.4,32,0,24
9,13.6,34.9,0,25
2,4.5,34.1,0,20
10,0.4,25,0,24
1,0.6,39.6,0,21
2,7,30.9,0,22
8,12.9,38.5,0,26
9,13.2,38.3,0,25
10,13.4,45.1,0,33
5,3,38,0,23
8,0.4,37.8,0,25
5,7.6,39.7,0,23
4,20.9,38.1,0,23
8,8.4,37.7,0,26
5,55.8,35.9,0,33
3,19.2,33.8,0,24
2,12.2,36.6,1,24
3,12.3,39.9,0,20
8,1.4,35.1,1,30
1,29.3,43.1,0,31
4,43.3,26.8,0,29
10,14.4,33.9,0,27
8,5.7,37.6,0,25
9,10.3,35.4,0,24
10,6.6,37.1,0,25
6,0.4,30.2,0,23
7,5.2,33.9,0,22
5,15.1,42.3,0,25
8,2.1,32,0,25
6,1.3,42.3,0,25
8,15.7,28.6,0,23
2,1,40,0,23
2,10.3,34.2,0,22
3,10,37.7,0,22
10,6.7,29.1,0,26
9,1.5,34.4,0,23
1,0.1,38.6,0,20
10,0.1,35.7,0,26
4,6,29,0,23
4,16.8,42.4,0,25
6,13.9,31.9,0,24
6,3.4,29.3,0,23
3,2,41.2,1,26
1,4.5,35.7,0,21
2,14.3,30.2,0,22
9,7.8,41.1,0,26
7,11.4,42.8,0,28
8,18.1,34.6,0,25
2,17,36.6,0,22
8,28.2,31.6,0,30
3,11.1,36,0,23
2,27.4,39.4,0,24
9,3.1,30,0,25
4,5,29.2,0,24
9,7.6,38.6,0,23
8,30.3,39.2,0,29
5,38.3,33.5,0,30
6,11.3,34.7,0,22
1,8.1,43.1,0,26
5,13.6,31.9,0,21
10,9.6,33.7,1,30
6,8.8,37.9,0,22
7,27.6,25.2,0,28
3,4.2,32.1,0,21
9,8.9,40.5,0,25
2,1.3,32.4,1,27
7,3.3,28.5,0,24
7,2.8,29.4,0,23
7,1,38,0,22
8,7,30.1,0,23
6,7.5,38.5,0,24
6,3,41.9,0,25
8,2.4,39.8,0,25
10,4.3,26.4,1,30
1,4.8,29.4,0,22
1,3,39.1,0,20
5,8.9,35.7,0,23
4,11.5,31.9,0,23
9,9.5,40.5,0,26
2,5,31.4,0,21
6,9.8,37.5,1,27
1,11.7,35.7,0,22
9,3.3,32.7,0,24
2,1.7,39.5,0,20
3,2.5,31.4,0,20
10,21.8,34.5,0,28
10,32.5,37.4,0,30
4,17.6,40.2,0,24
1,4.5,42.9,0,24
4,15.2,37.8,0,21
5,36.6,28.2,1,32
8,11.9,44.6,0,30
2,13.5,29.7,1,25
2,5.5,25,0,22
9,31.7,35.1,0,30
2,3,36.3,0,21
2,21,43.7,0,29
3,4,32,0,22
6,3.2,39.5,0,24
3,0.8,32.5,0,22
8,1.3,32.8,0,23
10,6.3,43.2,1,36
3,21,39.3,1,27
8,8.7,39.1,0,24
3,0.4,42.3,0,24
4,41.5,34.2,0,29
2,3.7,29.9,0,20
2,18.5,35.2,0,21
9,5.7,33.8,0,25
3,16.8,28.5,0,22
7,2,29.3,0,23
7,6.9,29.4,0,24
1,3.9,45.7,0,29
5,4.6,29.9,0,24
5,1.1,36.8,0,24
9,13.1,34.9,0,26
4,0,30.1,0,22
7,13.9,40.4,1,31
8,8.4,31.6,1,29
3,3.1,44.6,1,35
2,4.4,38.3,0,21
5,13.9,33.9,0,23
5,9.5,27.8,0,22
8,2.4,40.9,0,27
10,6.2,28.5,0,26
3,0.8,29.8,0,22
8,7.6,35.1,0,25
10,11,32.3,0,27
6,34.5,30.3,0,30
8,17.6,31.2,0,26
3,4.2,37.2,0,22
10,1,27.1,0,25
2,3.4,33.3,0,22
10,0.8,40.5,0,27
6,32.3,33.5,0,29
8,17.5,26.9,0,25
2,31.6,37,0,25
6,6.7,35.5,0,23
5,4.6,46,0,33
7,18.2,37,1,28
8,3.9,35.6,1,29
4,26.2,30.8,0,25
7,16.1,25,0,24
7,5.1,40.3,0,23
5,8.9,36.4,0,21
9,3,26.2,0,23
1,22.4,29.5,0,22
7,11.1,41,0,26
10,14.9,36.6,0,26
2,2.6,42.2,0,25
5,14.4,38,0,24
8,11.8,35.3,0,24
3,4,31.2,0,22
5,13.3,41.5,0,23
3,5.8,30.3,0,23
7,8,34.7,0,24
8,16.6,29,0,25
1,31.7,29.2,0,25
9,2.6,25,1,29
9,20.9,32.6,0,25
8,2.4,28.9,0,23
2,8.7,37.2,0,20
3,6.9,29.1,0,20
5,17.3,38.2,0,22
8,0.7,31.3,0,26
4,1.9,25,0,22
1,13.2,32.1,0,20
2,7.9,36.4,0,22
6,6.1,42.6,0,26
8,19.3,34.9,0,25
8,3.7,33.8,0,26
9,17.1,39.9,1,28
6,2.8,39.9,1,29
10,1.8,39.7,0,23
8,3.1,35.3,0,26
3,6.2,36.7,0,20
4,5.8,38.9,0,21
6,5.9,39,0,22
8,13,31.7,0,23
10,5.7,38.6,0,27
4,4.7,34.2,1,27
3,5.6,33.2,0,21
1,0,26,0,22
8,0.2,32.1,0,23
4,15.4,34.9,0,23
7,6.8,37.2,1,28
10,7,46,0,35
5,11.1,38.5,0,22
10,2.5,38.5,0,24
4,7.2,30.3,1,28
8,8.2,33.7,0,25
2,20.5,32.1,1,27
2,7,27,0,20
2,1.9,35,0,22
5,4.4,25.7,0,24
6,38.1,33.9,0,29
6,3.7,36,1,29
1,0.3,33,0,20
4,19.7,31.5,0,24
1,5.7,29.5,0,21
1,9.4,26.7,0,21
5,5.4,34.1,0,22
3,24.2,39.3,0,24
7,1,45.4,1,35
2,1.9,32.5,1,25
5,11.6,35,0,24
8,7.4,27.9,0,24
4,3.8,30.7,0,22
1,4.8,31.1,0,22
4,11.3,30.2,0,24
3,1.9,35.8,0,21
1,5.5,33.9,0,22
4,6.4,38.9,0,21
8,2.7,30.9,0,22
2,9.6,30.9,0,21
2,15.9,34.3,0,21
8,1,38.4,0,25
2,4.1,37.4,0,23
4,5.2,29.9,0,20
3,0.7,34,0,20
8,6.7,37.4,0,25
4,19.3,29.3,0,25
7,4.2,36,0,25
4,4.4,27.8,0,20
8,23.7,34.7,1,32
7,8.9,44.4,0,31
5,0.5,33.4,0,23
4,5.8,37.3,0,20
8,6.5,39.9,0,25
2,2.9,43.5,0,26
9,6.9,31.9,1,30
3,17.6,33.6,0,21
2,18.8,34.1,0,24
3,13,36.5,0,23
9,3.6,33.3,0,24
9,3.8,28.9,0,23
4,2,36.6,0,20
7,3.5,36.2,0,23
1,57.4,43.6,0,40
5,15.8,38.6,1,29
6,13,25,0,21
6,23.5,43.4,1,37
10,24.2,39.8,0,30
4,8.4,45.7,0,32
3,13.1,38.4,0,21
4,24.6,38.3,0,25
1,0,25,0,20
4,6.9,38.1,1,26
3,2.8,39.9,1,26
7,3.6,45.5,1,38
1,3.1,31.8,0,20
2,6.3,40.8,0,21
10,17.9,41,0,27
8,3.1,33,1,29
3,6.6,42.6,0,25
3,8.7,46,0,32
2,22.9,34.9,0,23
4,18.1,32.4,0,24
2,7.1,34.1,0,21
2,2.9,37.1,0,20
2,0.8,30.6,0,20
3,7.7,39.1,0,20
3,15.3,32.9,0,21
9,9.1,31.6,0,26
7,15.6,37.3,0,25
1,14.2,32.2,0,22
5,30.5,39.4,0,27
10,4.5,34.1,0,24
1,0.5,41.5,0,24
10,5.7,40.8,0,28
3,12.2,39.7,0,20
5,12.3,37.4,0,21
7,27.8,40.8,0,28
10,3.5,46,0,35
3,4.9,31.8,0,22
3,0.7,36.8,0,21
7,11.9,39,0,25
5,0.1,25.6,0,23
5,11.4,32.3,0,22
1,4.8,39.8,0,20
2,5.7,29.8,0,21
1,2.3,36,0,20
2,8.9,34.4,1,25
2,5.1,35.6,0,20
6,8.8,31.2,0,22
5,1.6,31.1,0,24
2,31.3,38.3,0,27
5,11.5,31.1,0,21
10,0.1,28.9,0,24
5,9.9,28.8,1,29
7,0.4,37,0,23
7,24.4,41.1,0,30
7,7.3,38.3,0,22
4,13.9,46,0,31
1,8.1,31.5,0,21
5,10.5,33.7,0,22
3,3.9,41,1,27
5,8.5,30.8,0,23
6,4.6,30.4,0,23
2,4.5,32.6,0,21
9,48,30.3,0,35
8,1.8,34,0,24
8,12.3,30.4,0,23
7,0.4,33.7,0,22
3,1.2,40.1,0,23
3,13.5,39.6,0,22
1,2.1,31.4,0,22
2,4.7,36.3,0,20
6,20.6,32.6,0,26
2,2.3,39.6,0,20
8,7.1,32.8,0,23
5,34.8,33.3,0,28
6,6,33.6,0,24
6,3.2,35.6,0,25
5,15.9,40.1,1,26
9,2.6,29.8,0,24
2,14.3,38.8,0,22
6,15.3,38.7,1,29
2,20.1,46,0,33
5,9.2,40.4,0,23
3,20,42.1,0,27
4,34.5,36.2,0,30
10,31.1,32.5,0,29
9,0.4,38.2,0,25
1,12.7,29.2,0,22
8,6.5,40.1,0,22
2,6,38.8,0,20
8,1.5,31.3,0,23
10,25.1,32.3,1,33
1,4.1,26.6,0,22
4,2.7,31,0,23
5,22,28.6,0,23
2,1.8,35.2,0,20
2,9.8,38.7,0,20
5,25.1,39.4,0,27
10,9.4,40.2,0,24
10,8.3,40.8,0,25
7,0.7,32.3,0,24
3,1.1,37,1,26
9,5.4,38.2,0,24
7,8.5,32.9,0,23
1,6.3,28,0,22
7,30.1,25,0,28
8,2.7,25.2,0,24
9,5.7,40.8,0,24
1,18.3,41.6,0,26
5,20.5,32.4,0,26
9,0.5,42.7,0,29
7,8.1,31,0,24
1,6.5,32.9,0,21
6,7.6,41.6,0,24
1,13.7,41.9,1,27
5,13.8,26.6,0,24
4,8.3,28.3,0,22
10,9.1,36.3,0,26
5,14.1,29.9,1,29
7,7.9,38.4,0,25
3,1,34.4,0,23
5,3.8,39.5,0,21
8,6.3,33.3,0,25
10,39.8,33.1,0,31
6,14.3,33.3,1,29
3,4.7,28,0,23
10,18.3,36.1,0,27
4,44.1,35.6,0,31
9,6.6,41.6,0,27
8,18.3,31.6,0,27
10,5.2,33.5,0,24
5,24.6,41.9,0,26
3,1.3,25,0,23
4,15,34.4,0,21
7,33.1,26.9,0,28
3,8.1,33.6,0,21
8,10.9,34,0,26
6,4.2,26.4,0,24
2,11.1,29.6,1,26
6,14.7,32.3,0,24
4,41.5,34.4,0,31
7,5.1,34.6,0,24
7,1,37,0,25
3,1.8,38.6,0,22
5,21.9,31.3,0,24
2,7.8,41.2,0,22
9,0.9,40.6,0,25
3,2.9,36.1,1,26
9,24.2,29.6,0,28
5,2.1,30.4,0,23
10,7.1,39.7,1,31
1,10.8,38.9,0,20
1,11.7,39.1,0,21
7,24.3,32.6,0,27
6,7,34.7,0,21
10,23.8,32.4,0,26
6,14.4,25.5,0,21
4,13.9,46,0,33
6,13.8,31,0,23
5,29.4,38.7,1,34
7,5.2,34,0,22
5,17.1,34.5,0,25
1,1.2,39.3,0,20
9,10,39.5,0,25
3,9,34.8,0,21
6,18.7,42.3,0,29
10,0,39.6,0,25
10,15.7,35.7,0,25
1,3.2,39.3,0,22
4,4.2,31.4,0,23
3,2.5,34.1,0,22
10,4.3,44.2,0,30
5,6.2,35,0,24
8,13.1,38.5,0,24
4,3.7,33.7,0,21
5,0.8,40.8,0,22
5,5.7,34.2,0,24
3,5.1,33.5,0,21
6,3.2,41.1,0,26
5,7.4,34.1,0,22
8,12.7,31.9,0,25
7,0.1,34.1,0,25
10,11,30.9,0,25
7,11.2,35.5,0,22
7,12.6,38.1,0,22
5,2.5,38.9,0,24
6,8.3,42.5,0,27
1,3.3,37.9,0,22
3,3.7,32.8,0,21
8,2.4,37.3,0,26
3,2.9,28.5,0,23
3,12.1,32,1,28
10,3.7,27.7,0,25
10,0.8,29.6,0,24
9,3.9,32.6,1,29
4,6,34.1,0,20
2,0.4,36.8,0,20
1,12.5,29.3,0,20
6,25.4,41.4,0,27
6,2.9,40.4,0,22
4,4.6,41.2,0,25
3,7.1,30.9,0,22
8,2.6,25,0,23
8,3.4,40.4,0,23
9,10.5,38.4,0,24
10,20.4,37.1,1,30
3,9,36.1,0,22
7,1.3,42,0,26
1,1.9,32.3,1,26
10,9.4,26.4,0,26
3,1.2,31.7,0,22
10,3.4,25,0,26
1,4,28.6,0,20
6,10.9,38,0,23
9,32.7,32.5,0,31
10,4.1,25.1,0,26
7,1.8,30.4,0,22
7,38,38.6,0,29
4,14.2,35,1,28
6,11.8,26.4,1,27
7,22.2,37.9,1,29
6,0,26.8,0,22
10,14.8,41,0,28
2,9.5,34.1,0,23
7,6,37.8,0,22
8,15.2,34.9,0,22
10,21.6,42.9,0,29
9,0.3,25,1,30
1,15.7,33.3,1,27
8,1.2,33,0,25
1,2.3,32.5,0,22
9,4.1,37.8,0,26
7,6.9,36.9,0,23
10,14.3,32.1,0,24
9,12.5,28,0,23
9,10.5,46,1,40
2,12.6,30.2,1,26
7,8.4,39.7,1,28
2,11.5,36.6,0,20
8,17.1,36.3,0,26
4,1.2,33.3,0,22
1,1,25,0,22
9,0.3,41.7,0,27
9,18.2,31.9,0,27
5,18,30.4,0,25
8,3.4,38.3,0,26
8,1.6,34.6,0,24
10,9.4,36.5,0,26
3,15,44.4,0,28
6,4.8,34.4,0,25
7,5.2,38,0,22
7,9.7,31.8,0,22
4,2.9,34.8,1,27
3,9.6,33.4,0,21
6,3.2,44.4,1,34
4,4.2,25.8,0,21
5,0.6,37,0,24
3,11.8,33.3,0,22
6,18,35,0,23
5,9.9,36.6,0,21
10,10.1,31.5,0,25
6,6.3,34.2,1,27
9,2.9,40.6,0,26
1,1.2,27.8,0,20
5,22.4,35.7,0,23
3,4.4,36.1,0,23
5,3.1,44.3,0,27
5,26.2,31.8,0,25
4,10.6,34.1,0,24
4,10.1,27.1,1,26
2,5.2,37,0,22
9,0.4,32.2,0,24
7,17.9,36.7,0,22
8,1.6,44,0,29
8,0.1,31.6,1,28
8,10.2,38.1,0,26
4,5.4,31.8,0,22
8,6.9,37.6,0,24
2,0.8,37.1,0,22
5,19.3,39,0,23
9,6.6,29.5,0,24
10,3.4,27.2,0,24
6,7.9,27.3,0,22
2,4.3,33.7,0,23
10,1.5,40.2,0,25
2,1.1,31.8,0,20
5,11.7,36.1,0,23
5,0.6,27.1,0,24
5,31,36.5,0,27
7,1.5,38.9,0,24
8,3.4,33,0,25
2,9,28.8,0,20
5,2.1,44.6,0,27
7,3.8,43.1,0,29
6,4.3,36.2,0,22
2,2.4,39.3,1,27
7,11.5,37.1,0,22
10,0.9,43.9,1,36
3,2,33.3,0,21
3,0.6,34,0,20
4,2.3,28.2,0,23
5,0.7,35.7,1,29
5,13,39,0,23
8,24.2,40.9,0,26
8,1.5,32.8,0,26
8,6.4,34,0,24
3,7.8,25,0,23
10,6.5,36.4,0,24
1,19.3,42.1,1,29
9,10,34.4,0,25
7,10.5,31.2,0,25
9,6,35.5,0,23
8,1.7,33.4,0,23
6,0.8,37.1,0,24
4,27.7,38.6,0,27
10,16.8,40.2,0,25
6,1,34.9,0,21
4,2,33.4,0,23
10,2.8,31.2,1,30
9,22.4,33.5,0,25
3,11.9,34.2,0,20
5,8.6,29.6,1,28
5,3.1,35.1,1,26
6,1,25.3,0,22
7,23,30.8,1,30
8,8.5,38.4,0,25
8,37.2,25.9,1,37
9,41,41.2,0,33
5,6.1,37.3,0,23
7,7.1,37.5,0,22
1,2.8,32,0,21
4,5.3,32.8,0,23
2,1.3,31.1,1,24
2,0.3,40.3,0,20
9,19.3,38.9,0,24
7,44.6,35.2,0,31
7,40,37.7,0,31
5,14,37.2,0,22
9,10.4,35.6,0,24
3,8.2,31.2,0,22
9,4.9,29.9,1,30
1,9.3,41.6,0,25
10,16.8,41.6,0,28
1,9.5,26.2,1,26
6,23,25.8,0,24
9,8.2,46,0,32
7,12.6,37.8,1,30
9,6,30.4,1,31
7,8.3,43.5,0,28
3,3.9,46,0,31
5,6.2,45.1,1,36
8,5.5,37.7,0,24
2,32.6,31.9,0,25
8,3.6,33.8,1,27
3,1.5,29.9,0,22
1,8.2,39.2,0,20
3,17.3,41.3,0,25
10,5.5,41.3,0,25
8,5.3,27.5,0,22
10,2.3,34.2,0,26
3,0.2,33.9,0,20
6,6.3,36.6,0,22
2,5.2,31.9,0,20
10,34.4,32.3,1,36
6,9.6,34.8,0,24
6,8.3,25,0,25
6,12,36,0,22
7,1.7,30.4,0,24
7,18,39.1,0,24
1,11.6,33.8,0,22
8,12.9,40.6,0,23
2,13.3,42.2,1,27
6,1.3,37.1,0,21
4,1.9,40.9,1,28
10,0.2,33.8,0,24
2,6.5,31.4,0,22
1,4.3,30.5,0,20
8,22,41.4,0,30
7,6.9,34.4,0,23
5,2.5,26.5,0,23
10,14.5,36.8,0,26
3,5.1,37,0,22
10,8.2,26.7,0,25
5,0.9,33.4,0,23
1,3.8,39.6,0,20
9,4.8,28.9,0,25
3,3,38.7,0,20
8,5,34.2,0,25
3,42.6,35.4,1,35
3,5.7,36.8,0,20
4,4,39,0,22
6,22.2,32,0,25
6,5.8,37.2,0,25
9,25.1,33.5,0,29
7,7.4,36,0,22
8,3.3,29.5,0,24
5,4.8,36.6,0,23
6,7.7,44.6,0,31
8,12.8,43.6,0,28
1,2,42.7,0,25
10,8.7,29.2,0,24
3,2.2,31.1,0,20
6,10.5,43.5,0,29
8,4,25.4,0,24
4,6.4,36,0,22
10,0.3,35.3,0,26
4,19.9,31.5,0,25
3,32.5,35.7,0,26
7,5.2,42.6,0,26
9,6.4,36,0,23
8,8.1,32.8,0,24
9,23.1,32.6,0,26
1,16.8,46,0,31
8,8.5,35.4,0,25
2,11,40.4,1,28
4,17.1,31.4,0,24
10,8,46,0,34
10,3.8,41.3,1,33
9,7.7,34.3,0,26
7,9.5,32.3,0,22
8,5.2,32.6,0,25
3,10.9,36.4,0,21
8,1.9,31.2,0,26
9,28.2,36.1,0,27
2,2.5,29.5,0,22
10,5.7,38,0,23
1,4.5,26.4,1,27
5,7.9,27.5,0,23
9,5.6,37.7,0,23
9,12.1,34.9,0,26
3,3,37,0,21
8,18,30.9,0,24
3,10.3,31.5,0,22
10,11.4,39.9,0,25
9,10.8,35.8,0,25
9,32.5,38.8,0,28
3,2.6,41.3,0,22
10,9,41.2,0,25
1,4,28.9,1,27
7,8,37.7,0,22
1,10.3,32.3,0,22
10,4.7,33.1,0,25
10,17.6,41,0,27
10,4.1,33.4,0,27
10,0.3,36.4,0,27
3,0.5,31.6,0,20
2,0.4,36.4,0,20
10,5.9,38.2,0,26
10,1.2,30.2,0,25
2,3.1,38,0,23
3,0.4,31.4,0,23
9,7.1,37.4,0,24
10,2.1,33.6,0,25
8,10.6,25,0,24
2,9.4,34,0,23
3,8.2,43.4,0,26
8,15.8,37.9,0,25
9,43.6,38.1,1,39
3,0.1,40.1,0,20
7,4.8,27.9,0,25
2,0.9,28.8,0,20
1,3.2,39.5,0,20
2,25.3,33.3,0,25
5,5.6,38.3,0,22
1,0,37,0,20
7,4.9,33.5,0,22
9,12.2,29.9,0,26
5,7.3,41.2,0,25
8,3.4,30.5,0,24
10,2.2,29.2,0,27
7,28.8,34.4,0,28
4,5.7,31.4,0,22
5,3.5,34.6,1,27
10,39.5,30.6,0,32
4,14.6,39.1,0,21
10,13.9,33.9,0,25
7,8.5,34.7,0,24
3,15.9,37.1,1,27
2,1,25.2,0,20
7,26.1,28.3,0,27
8,4.6,28.9,0,24
10,7.3,35.7,0,27
2,12.4,26.9,0,23
4,3.3,39.5,0,21
1,4,43.1,1,28
1,19.1,34.2,1,28
7,15.3,27.4,1,30
2,13.4,34.6,1,26
10,19.6,38.3,0,27
3,1,38,0,21
5,3.7,38.4,0,21
2,4.7,37.7,0,20
10,3.1,43.9,0,29
1,44.9,37.4,0,31
2,0.9,41.5,1,27
10,19.9,38.3,0,28
5,4.2,35.4,0,21
7,8.3,34.9,0,23
5,13.8,27.1,0,24
4,0.7,37.4,0,20
3,4.4,32,0,20
10,6.7,25,0,26
6,28.7,43.3,0,32
10,0.7,32.6,0,25
9,0.9,44.7,1,38
9,30.8,32.7,0,29
4,16.2,30.6,0,22
2,13.2,30.3,0,20
10,4.2,35.7,0,24
8,8.4,40.8,0,26
10,2.6,38,0,26
